predicted_attack,confidence,anomaly_score,risk_score,severity,edge_latency_ms,cloud_latency_ms
DOS_DDOS,1.0,0.48,79,High,26.4,297.8
BENIGN,1.0,0.461,62,Medium,51.66,310.09
BENIGN,1.0,0.497,65,High,43.56,286.38
DOS_DDOS,1.0,0.487,79,High,36.01,312.08
BENIGN,1.0,0.491,64,Medium,55.76,326.02
DOS_DDOS,1.0,0.482,79,High,54.66,342.17
DOS_DDOS,1.0,0.521,81,High,65.95,300.07
DOS_DDOS,1.0,0.485,79,High,80.29,310.34
BENIGN,1.0,0.453,62,Medium,59.93,318.14
BENIGN,1.0,0.48,64,Medium,58.43,512.73
DOS_DDOS,1.0,0.484,79,High,69.85,290.19
DOS_DDOS,1.0,0.523,82,High,46.17,385.62
DOS_DDOS,1.0,0.485,79,High,66.07,323.91
DOS_DDOS,1.0,0.484,79,High,727.69,299.18
DOS_DDOS,1.0,0.487,79,High,33.03,286.78
BENIGN,1.0,0.536,67,High,47.83,346.49
DOS_DDOS,0.98,0.502,80,High,204.79,373.48
DOS_DDOS,1.0,0.485,79,High,96.99,324.28
DOS_DDOS,1.0,0.522,82,High,53.09,362.31
DOS_DDOS,1.0,0.499,80,High,43.55,357.13
DOS_DDOS,1.0,0.483,79,High,95.66,300.66
BENIGN,1.0,0.462,62,Medium,38.33,300.24
DOS_DDOS,1.0,0.485,79,High,47.59,332.33
DOS_DDOS,1.0,0.463,77,High,42.63,306.52
BENIGN,1.0,0.453,62,Medium,61.59,325.7
BENIGN,1.0,0.495,65,High,74.57,317.29
DOS_DDOS,1.0,0.47,78,High,48.27,296.53
DOS_DDOS,1.0,0.488,79,High,54.16,496.45
DOS_DDOS,1.0,0.484,79,High,71.0,336.58
DOS_DDOS,1.0,0.494,80,High,128.48,308.18
BENIGN,1.0,0.464,62,Medium,56.74,322.97
DOS_DDOS,1.0,0.49,79,High,72.95,308.52
BENIGN,1.0,0.461,62,Medium,110.72,373.37
BENIGN,1.0,0.467,63,Medium,112.56,367.05
DOS_DDOS,1.0,0.469,78,High,141.07,422.02
DOS_DDOS,1.0,0.489,79,High,99.84,329.97
DOS_DDOS,1.0,0.484,79,High,120.51,333.73
DOS_DDOS,1.0,0.471,78,High,83.16,329.09
BENIGN,1.0,0.551,69,High,122.89,316.0
DOS_DDOS,1.0,0.485,79,High,887.41,439.96
DOS_DDOS,1.0,0.484,79,High,101.48,327.01
DOS_DDOS,1.0,0.478,78,High,98.77,361.83
DOS_DDOS,1.0,0.525,82,High,74.16,365.85
DOS_DDOS,1.0,0.497,80,High,115.33,358.42
DOS_DDOS,1.0,0.494,80,High,172.76,331.12
DOS_DDOS,1.0,0.497,80,High,102.08,326.36
DOS_DDOS,1.0,0.521,81,High,128.2,705.85
DOS_DDOS,1.0,0.491,79,High,199.64,323.77
BENIGN,1.0,0.495,65,High,135.58,357.35
DOS_DDOS,1.0,0.491,79,High,171.73,494.49
DOS_DDOS,1.0,0.469,78,High,531.78,437.59
BENIGN,1.0,0.467,63,Medium,127.54,333.28
DOS_DDOS,1.0,0.48,79,High,96.08,386.17
BENIGN,1.0,0.506,65,High,249.47,562.6
DOS_DDOS,1.0,0.471,78,High,138.62,353.89
BENIGN,1.0,0.457,62,Medium,165.18,797.66
DOS_DDOS,1.0,0.487,79,High,178.06,349.41
BENIGN,1.0,0.492,64,Medium,310.82,312.23
DOS_DDOS,1.0,0.477,78,High,103.02,349.15
DOS_DDOS,1.0,0.475,78,High,114.9,340.48
BENIGN,1.0,0.488,64,Medium,346.24,428.59
DOS_DDOS,1.0,0.483,79,High,115.12,573.87
DOS_DDOS,1.0,0.465,78,High,106.64,342.68
DOS_DDOS,1.0,0.469,78,High,167.35,425.58
BENIGN,1.0,0.457,62,Medium,82.36,365.37
DOS_DDOS,1.0,0.484,79,High,147.17,492.14
BENIGN,1.0,0.457,62,Medium,144.63,382.5
DOS_DDOS,1.0,0.482,79,High,83.58,328.7
DOS_DDOS,1.0,0.47,78,High,215.74,339.13
DOS_DDOS,1.0,0.491,79,High,82.71,320.71
BENIGN,1.0,0.457,62,Medium,86.65,340.41
DOS_DDOS,1.0,0.49,79,High,91.05,663.29
BENIGN,1.0,0.454,62,Medium,187.99,314.4
DOS_DDOS,1.0,0.488,79,High,270.96,335.69
BENIGN,1.0,0.493,65,High,162.38,560.8
DOS_DDOS,1.0,0.481,79,High,176.7,397.6
DOS_DDOS,1.0,0.494,80,High,504.37,489.84
DOS_DDOS,1.0,0.466,78,High,316.17,393.9
DOS_DDOS,1.0,0.469,78,High,177.99,479.96
BENIGN,0.99,0.457,62,Medium,302.54,400.27
DOS_DDOS,1.0,0.526,82,High,35.96,553.95
DOS_DDOS,1.0,0.484,79,High,114.2,395.38
BENIGN,1.0,0.488,64,Medium,42.49,285.51
DOS_DDOS,1.0,0.476,78,High,39.01,396.93
DOS_DDOS,1.0,0.497,80,High,62.37,375.3
BENIGN,1.0,0.454,62,Medium,268.57,289.33
DOS_DDOS,1.0,0.483,79,High,34.33,333.6
DOS_DDOS,1.0,0.46,77,High,68.49,321.19
DOS_DDOS,1.0,0.52,81,High,319.62,357.74
DOS_DDOS,1.0,0.484,79,High,121.92,288.1
BENIGN,1.0,0.465,63,Medium,71.36,342.71
BENIGN,1.0,0.502,65,High,92.16,313.85
DOS_DDOS,1.0,0.493,80,High,65.9,318.55
DOS_DDOS,1.0,0.488,79,High,116.2,565.59
BENIGN,1.0,0.499,65,High,62.28,301.61
DOS_DDOS,1.0,0.465,78,High,66.19,335.78
DOS_DDOS,1.0,0.471,78,High,306.77,350.58
DOS_DDOS,1.0,0.484,79,High,91.68,378.25
DOS_DDOS,1.0,0.52,81,High,132.12,389.21
BENIGN,1.0,0.483,64,Medium,76.09,395.25
BENIGN,1.0,0.457,62,Medium,112.71,336.98
DOS_DDOS,1.0,0.47,78,High,105.86,327.78
BENIGN,1.0,0.458,62,Medium,106.18,330.59
DOS_DDOS,1.0,0.53,82,High,189.11,332.7
DOS_DDOS,1.0,0.487,79,High,255.04,353.8
DOS_DDOS,1.0,0.486,79,High,125.26,345.18
BENIGN,1.0,0.485,64,Medium,100.42,339.22
BENIGN,1.0,0.455,62,Medium,844.09,398.18
DOS_DDOS,1.0,0.483,79,High,118.47,684.03
DOS_DDOS,1.0,0.485,79,High,118.38,804.37
DOS_DDOS,1.0,0.459,77,High,286.39,439.61
DOS_DDOS,1.0,0.484,79,High,83.07,384.58
DOS_DDOS,1.0,0.467,78,High,109.77,409.43
DOS_DDOS,1.0,0.465,78,High,119.78,332.02
DOS_DDOS,1.0,0.519,81,High,169.59,312.38
DOS_DDOS,1.0,0.502,80,High,214.82,800.09
DOS_DDOS,1.0,0.485,79,High,115.99,303.01
BENIGN,1.0,0.526,67,High,60.74,323.35
BENIGN,1.0,0.453,62,Medium,225.4,451.35
DOS_DDOS,1.0,0.465,78,High,128.19,341.35
BENIGN,1.0,0.455,62,Medium,133.72,393.35
BENIGN,1.0,0.454,62,Medium,62.14,354.35
DOS_DDOS,1.0,0.49,79,High,95.4,333.73
DOS_DDOS,1.0,0.493,80,High,37.21,348.64
DOS_DDOS,1.0,0.479,79,High,85.61,339.27
BENIGN,1.0,0.5,65,High,172.63,314.45
BENIGN,1.0,0.488,64,Medium,112.15,337.01
BENIGN,1.0,0.456,62,Medium,82.28,332.91
BENIGN,1.0,0.454,62,Medium,38.99,421.06
BENIGN,1.0,0.454,62,Medium,82.31,283.52
DOS_DDOS,1.0,0.47,78,High,219.73,314.75
BENIGN,1.0,0.469,63,Medium,82.31,431.59
BENIGN,1.0,0.458,62,Medium,81.61,298.59
DOS_DDOS,1.0,0.477,78,High,181.04,383.59
BENIGN,1.0,0.459,62,Medium,36.34,288.2
DOS_DDOS,1.0,0.47,78,High,37.35,346.88
DOS_DDOS,1.0,0.465,78,High,136.11,296.24
DOS_DDOS,1.0,0.465,78,High,79.27,320.68
DOS_DDOS,0.97,0.493,79,High,37.76,283.88
BENIGN,1.0,0.488,64,Medium,86.06,901.49
BENIGN,1.0,0.454,62,Medium,153.16,310.16
DOS_DDOS,1.0,0.499,80,High,151.18,319.64
BENIGN,1.0,0.512,66,High,145.87,452.47
DOS_DDOS,1.0,0.487,79,High,55.61,311.49
BENIGN,1.0,0.453,62,Medium,37.63,300.42
BENIGN,1.0,0.458,62,Medium,62.68,413.53
BENIGN,1.0,0.492,64,Medium,38.07,359.81
DOS_DDOS,1.0,0.49,79,High,71.4,356.95
DOS_DDOS,1.0,0.488,79,High,462.04,387.03
DOS_DDOS,1.0,0.488,79,High,72.59,300.37
BENIGN,1.0,0.453,62,Medium,46.02,297.79
BENIGN,1.0,0.461,62,Medium,97.03,372.22
BENIGN,1.0,0.496,65,High,118.26,300.51
DOS_DDOS,1.0,0.484,79,High,51.28,300.76
BENIGN,1.0,0.457,62,Medium,98.51,312.66
DOS_DDOS,1.0,0.47,78,High,59.72,308.05
DOS_DDOS,1.0,0.484,79,High,58.87,463.68
DOS_DDOS,1.0,0.484,79,High,144.08,345.78
BENIGN,1.0,0.467,63,Medium,61.63,341.52
BENIGN,1.0,0.453,62,Medium,74.19,379.61
BENIGN,1.0,0.458,62,Medium,107.03,610.43
DOS_DDOS,1.0,0.49,79,High,133.56,319.98
BENIGN,1.0,0.53,67,High,60.63,458.2
DOS_DDOS,1.0,0.494,80,High,94.13,353.53
BENIGN,1.0,0.455,62,Medium,162.7,572.55
DOS_DDOS,1.0,0.482,79,High,51.79,311.17
DOS_DDOS,1.0,0.472,78,High,138.84,389.25
BENIGN,1.0,0.454,62,Medium,40.9,448.77
DOS_DDOS,1.0,0.465,78,High,439.09,357.5
DOS_DDOS,1.0,0.521,81,High,79.85,443.45
DOS_DDOS,1.0,0.483,79,High,74.09,289.44
BENIGN,1.0,0.453,62,Medium,51.6,439.48
DOS_DDOS,1.0,0.499,80,High,134.22,291.24
DOS_DDOS,1.0,0.493,79,High,209.84,316.92
DOS_DDOS,1.0,0.52,81,High,42.03,473.77
DOS_DDOS,1.0,0.481,79,High,120.36,307.18
BENIGN,1.0,0.461,62,Medium,230.65,559.67
BENIGN,1.0,0.488,64,Medium,58.2,380.81
DOS_DDOS,1.0,0.47,78,High,53.04,310.49
DOS_DDOS,1.0,0.489,79,High,38.84,523.92
BENIGN,1.0,0.463,62,Medium,123.42,373.17
DOS_DDOS,1.0,0.477,78,High,109.59,312.63
DOS_DDOS,1.0,0.477,78,High,72.25,290.45
DOS_DDOS,1.0,0.471,78,High,133.19,349.44
BENIGN,1.0,0.461,62,Medium,53.15,426.41
BENIGN,1.0,0.457,62,Medium,123.52,340.77
DOS_DDOS,1.0,0.484,79,High,84.89,343.18
BENIGN,1.0,0.467,63,Medium,50.12,325.23
DOS_DDOS,1.0,0.523,82,High,55.14,335.89
DOS_DDOS,1.0,0.53,82,High,108.63,306.36
BENIGN,1.0,0.457,62,Medium,66.04,309.35
BENIGN,1.0,0.469,63,Medium,33.92,435.04
DOS_DDOS,1.0,0.484,79,High,117.98,370.32
BENIGN,1.0,0.454,62,Medium,67.9,329.17
BENIGN,1.0,0.465,63,Medium,112.68,358.64
BENIGN,1.0,0.473,63,Medium,72.69,393.83
DOS_DDOS,1.0,0.486,79,High,148.08,294.99
DOS_DDOS,1.0,0.493,79,High,65.38,396.69
DOS_DDOS,1.0,0.484,79,High,33.4,400.4
DOS_DDOS,1.0,0.47,78,High,104.62,360.0
DOS_DDOS,1.0,0.469,78,High,75.98,308.25
DOS_DDOS,1.0,0.523,82,High,81.7,407.37
DOS_DDOS,1.0,0.482,79,High,184.3,289.45
DOS_DDOS,1.0,0.469,78,High,119.9,316.24
BENIGN,1.0,0.454,62,Medium,122.78,287.75
BENIGN,1.0,0.5,65,High,138.15,376.5
DOS_DDOS,1.0,0.469,78,High,270.74,429.72
DOS_DDOS,1.0,0.484,79,High,75.64,334.84
DOS_DDOS,1.0,0.486,79,High,317.12,371.14
BENIGN,1.0,0.454,62,Medium,201.39,314.84
DOS_DDOS,1.0,0.482,79,High,43.73,309.7
DOS_DDOS,1.0,0.47,78,High,68.01,326.36
BENIGN,1.0,0.499,65,High,40.29,516.44
DOS_DDOS,1.0,0.466,78,High,40.79,365.03
DOS_DDOS,1.0,0.485,79,High,56.52,485.26
BENIGN,1.0,0.513,66,High,58.58,359.99
DOS_DDOS,1.0,0.483,79,High,125.9,287.04
BENIGN,1.0,0.459,62,Medium,63.49,445.39
DOS_DDOS,1.0,0.459,77,High,63.7,454.77
BENIGN,1.0,0.454,62,Medium,159.24,325.75
DOS_DDOS,1.0,0.481,79,High,788.25,357.21
BENIGN,1.0,0.454,62,Medium,57.86,310.81
DOS_DDOS,1.0,0.52,81,High,116.22,386.69
DOS_DDOS,1.0,0.468,78,High,66.96,292.01
BENIGN,1.0,0.455,62,Medium,115.07,320.17
DOS_DDOS,1.0,0.482,79,High,42.01,312.24
DOS_DDOS,1.0,0.485,79,High,166.0,387.12
BENIGN,1.0,0.455,62,Medium,71.64,308.88
BENIGN,1.0,0.461,62,Medium,99.79,359.18
BENIGN,1.0,0.465,63,Medium,35.11,600.25
DOS_DDOS,1.0,0.483,79,High,85.24,319.74
BENIGN,1.0,0.482,64,Medium,156.78,430.31
DOS_DDOS,1.0,0.462,77,High,64.16,321.66
DOS_DDOS,1.0,0.46,77,High,298.55,477.15
DOS_DDOS,1.0,0.47,78,High,63.69,332.19
DOS_DDOS,1.0,0.528,82,High,91.81,359.53
DOS_DDOS,1.0,0.469,78,High,82.31,310.85
BENIGN,1.0,0.454,62,Medium,72.86,335.77
BENIGN,1.0,0.455,62,Medium,99.78,395.24
DOS_DDOS,1.0,0.524,82,High,52.34,326.39
DOS_DDOS,1.0,0.529,82,High,306.36,340.69
BENIGN,1.0,0.46,62,Medium,44.22,311.51
DOS_DDOS,1.0,0.484,79,High,110.6,424.84
DOS_DDOS,1.0,0.465,78,High,329.11,400.0
DOS_DDOS,1.0,0.472,78,High,36.69,305.54
BENIGN,1.0,0.497,65,High,196.27,352.09
DOS_DDOS,1.0,0.469,78,High,52.08,317.31
BENIGN,1.0,0.457,62,Medium,137.15,307.14
DOS_DDOS,1.0,0.493,80,High,57.33,323.02
DOS_DDOS,1.0,0.483,79,High,68.37,325.03
BENIGN,1.0,0.461,62,Medium,92.35,593.75
DOS_DDOS,1.0,0.483,79,High,49.45,325.98
DOS_DDOS,1.0,0.465,78,High,369.04,403.7
DOS_DDOS,1.0,0.465,78,High,64.16,360.21
BENIGN,1.0,0.514,66,High,76.47,326.39
BENIGN,1.0,0.461,62,Medium,48.07,370.67
DOS_DDOS,1.0,0.522,82,High,104.75,319.48
BENIGN,1.0,0.455,62,Medium,147.66,289.22
DOS_DDOS,1.0,0.485,79,High,47.36,390.37
DOS_DDOS,1.0,0.478,78,High,121.39,394.86
DOS_DDOS,1.0,0.469,78,High,997.1,412.23
DOS_DDOS,1.0,0.488,79,High,81.49,388.72
BENIGN,1.0,0.486,64,Medium,207.95,455.97
DOS_DDOS,1.0,0.477,78,High,144.61,312.89
BENIGN,1.0,0.461,62,Medium,252.01,330.86
BENIGN,1.0,0.489,64,Medium,111.21,401.78
BENIGN,1.0,0.458,62,Medium,127.36,418.94
DOS_DDOS,1.0,0.494,80,High,184.42,300.25
BENIGN,1.0,0.459,62,Medium,154.14,294.04
DOS_DDOS,1.0,0.484,79,High,41.9,324.86
DOS_DDOS,1.0,0.526,82,High,306.98,313.96
BENIGN,1.0,0.453,62,Medium,58.2,294.36
DOS_DDOS,1.0,0.488,79,High,95.0,358.34
DOS_DDOS,1.0,0.476,78,High,49.88,416.3
BENIGN,1.0,0.487,64,Medium,115.4,348.17
DOS_DDOS,1.0,0.499,80,High,161.06,410.18
DOS_DDOS,1.0,0.487,79,High,91.39,416.02
BENIGN,0.978,0.457,61,Medium,82.1,292.51
BENIGN,1.0,0.457,62,Medium,129.5,307.41
DOS_DDOS,1.0,0.493,79,High,41.38,346.49
BENIGN,1.0,0.486,64,Medium,725.46,358.8
DOS_DDOS,1.0,0.471,78,High,165.83,330.8
BENIGN,1.0,0.491,64,Medium,84.64,351.59
DOS_DDOS,1.0,0.486,79,High,41.91,395.86
BENIGN,1.0,0.479,64,Medium,44.89,407.95
BENIGN,1.0,0.455,62,Medium,137.04,313.14
DOS_DDOS,1.0,0.525,82,High,100.54,326.15
DOS_DDOS,1.0,0.459,77,High,74.67,338.2
BENIGN,1.0,0.528,67,High,327.48,504.68
DOS_DDOS,1.0,0.469,78,High,68.76,371.36
DOS_DDOS,1.0,0.481,79,High,97.27,353.03
DOS_DDOS,1.0,0.49,79,High,126.15,344.61
BENIGN,1.0,0.486,64,Medium,79.31,339.49
DOS_DDOS,1.0,0.479,79,High,254.0,471.39
DOS_DDOS,1.0,0.465,78,High,44.64,302.91
DOS_DDOS,1.0,0.525,82,High,219.51,512.74
DOS_DDOS,1.0,0.464,77,High,168.89,333.73
DOS_DDOS,1.0,0.484,79,High,41.29,319.85
DOS_DDOS,1.0,0.525,82,High,106.83,412.39
BENIGN,1.0,0.454,62,Medium,842.73,329.99
DOS_DDOS,1.0,0.484,79,High,75.3,291.55
DOS_DDOS,1.0,0.485,79,High,199.44,431.59
DOS_DDOS,1.0,0.484,79,High,68.59,343.28
DOS_DDOS,1.0,0.488,79,High,186.26,310.68
BENIGN,1.0,0.454,62,Medium,57.06,310.82
DOS_DDOS,1.0,0.485,79,High,63.85,337.42
BENIGN,1.0,0.46,62,Medium,78.04,316.64
BENIGN,1.0,0.458,62,Medium,101.32,352.14
BENIGN,1.0,0.482,64,Medium,94.17,383.6
DOS_DDOS,1.0,0.485,79,High,109.14,320.08
BENIGN,1.0,0.454,62,Medium,59.53,490.62
DOS_DDOS,1.0,0.47,78,High,79.68,302.02
DOS_DDOS,1.0,0.465,78,High,112.38,344.84
DOS_DDOS,1.0,0.49,79,High,69.45,361.14
BENIGN,1.0,0.457,62,Medium,43.68,316.4
BENIGN,1.0,0.477,63,Medium,252.26,340.05
BENIGN,1.0,0.457,62,Medium,57.03,406.89
BENIGN,1.0,0.454,62,Medium,70.35,309.92
DOS_DDOS,1.0,0.483,79,High,67.47,317.77
DOS_DDOS,1.0,0.484,79,High,105.77,324.54
DOS_DDOS,1.0,0.47,78,High,44.98,420.86
BENIGN,1.0,0.461,62,Medium,141.86,367.22
BENIGN,1.0,0.483,64,Medium,160.61,350.38
DOS_DDOS,1.0,0.477,78,High,67.37,360.96
DOS_DDOS,1.0,0.485,79,High,349.01,426.41
DOS_DDOS,1.0,0.488,79,High,879.81,528.27
DOS_DDOS,1.0,0.465,78,High,77.1,347.23
BENIGN,1.0,0.488,64,Medium,70.02,328.21
BENIGN,1.0,0.494,65,High,129.71,351.97
BENIGN,1.0,0.461,62,Medium,68.27,291.53
DOS_DDOS,1.0,0.52,81,High,127.66,292.17
DOS_DDOS,1.0,0.488,79,High,53.32,405.32
DOS_DDOS,1.0,0.462,77,High,109.24,319.11
BENIGN,1.0,0.507,65,High,50.97,386.7
BENIGN,1.0,0.48,64,Medium,55.47,403.12
DOS_DDOS,1.0,0.497,80,High,115.04,298.17
DOS_DDOS,1.0,0.477,78,High,131.94,492.73
BENIGN,1.0,0.488,64,Medium,145.71,377.07
BENIGN,1.0,0.484,64,Medium,160.18,325.54
DOS_DDOS,1.0,0.483,79,High,118.31,295.46
DOS_DDOS,1.0,0.479,79,High,66.31,677.19
DOS_DDOS,1.0,0.469,78,High,55.62,324.62
DOS_DDOS,1.0,0.474,78,High,106.73,314.45
BENIGN,1.0,0.455,62,Medium,52.77,324.47
DOS_DDOS,1.0,0.484,79,High,56.71,367.03
BENIGN,1.0,0.454,62,Medium,244.87,304.94
DOS_DDOS,1.0,0.53,82,High,181.77,336.65
BENIGN,1.0,0.494,65,High,78.59,384.25
BENIGN,1.0,0.485,64,Medium,49.22,649.52
BENIGN,1.0,0.458,62,Medium,307.93,328.8
BENIGN,1.0,0.507,65,High,132.68,335.89
BENIGN,1.0,0.455,62,Medium,672.96,333.81
BENIGN,1.0,0.524,67,High,149.53,374.33
DOS_DDOS,1.0,0.483,79,High,75.84,301.9
BENIGN,1.0,0.454,62,Medium,51.14,513.8
DOS_DDOS,1.0,0.488,79,High,333.57,313.29
BENIGN,1.0,0.5,65,High,65.1,312.18
DOS_DDOS,1.0,0.486,79,High,77.78,334.15
DOS_DDOS,1.0,0.484,79,High,140.46,412.42
BENIGN,1.0,0.46,62,Medium,40.28,335.17
DOS_DDOS,1.0,0.486,79,High,60.27,364.33
BENIGN,1.0,0.491,64,Medium,111.48,360.46
BENIGN,1.0,0.463,62,Medium,117.83,329.68
BENIGN,1.0,0.458,62,Medium,103.96,334.56
DOS_DDOS,1.0,0.529,82,High,80.14,406.01
DOS_DDOS,1.0,0.471,78,High,76.39,532.77
BENIGN,1.0,0.467,63,Medium,66.7,328.96
BENIGN,1.0,0.506,65,High,75.02,344.59
DOS_DDOS,1.0,0.481,79,High,71.25,319.64
BENIGN,1.0,0.469,63,Medium,91.09,525.84
BENIGN,1.0,0.535,67,High,234.45,350.14
BENIGN,1.0,0.454,62,Medium,71.11,392.53
BENIGN,1.0,0.463,62,Medium,141.97,372.91
BENIGN,1.0,0.474,63,Medium,81.06,303.04
DOS_DDOS,1.0,0.499,80,High,43.01,336.59
DOS_DDOS,1.0,0.466,78,High,88.48,420.24
DOS_DDOS,1.0,0.472,78,High,153.8,313.39
BENIGN,1.0,0.453,62,Medium,937.41,295.51
DOS_DDOS,1.0,0.469,78,High,232.76,298.0
BENIGN,1.0,0.491,64,Medium,92.88,347.59
DOS_DDOS,1.0,0.481,79,High,103.17,341.68
DOS_DDOS,1.0,0.485,79,High,193.1,352.74
DOS_DDOS,1.0,0.48,79,High,74.69,333.35
DOS_DDOS,1.0,0.484,79,High,82.97,289.17
BENIGN,1.0,0.453,62,Medium,98.53,382.1
BENIGN,1.0,0.503,65,High,125.26,339.37
BENIGN,1.0,0.467,63,Medium,142.96,353.36
BENIGN,1.0,0.459,62,Medium,69.4,357.01
DOS_DDOS,1.0,0.521,81,High,143.53,304.12
DOS_DDOS,1.0,0.484,79,High,107.56,1007.41
BENIGN,1.0,0.461,62,Medium,136.75,360.93
DOS_DDOS,1.0,0.466,78,High,122.39,309.07
BENIGN,1.0,0.489,64,Medium,71.38,298.82
DOS_DDOS,1.0,0.484,79,High,49.25,408.12
BENIGN,1.0,0.454,62,Medium,154.45,386.48
BENIGN,1.0,0.459,62,Medium,41.71,305.82
BENIGN,1.0,0.492,64,Medium,93.82,304.26
DOS_DDOS,1.0,0.486,79,High,141.52,408.51
BENIGN,1.0,0.464,62,Medium,61.74,332.17
DOS_DDOS,1.0,0.521,81,High,126.06,460.09
DOS_DDOS,1.0,0.468,78,High,127.11,299.13
BENIGN,1.0,0.462,62,Medium,60.52,452.2
DOS_DDOS,1.0,0.481,79,High,198.57,347.69
DOS_DDOS,1.0,0.485,79,High,86.29,346.5
DOS_DDOS,1.0,0.47,78,High,262.92,360.27
BENIGN,1.0,0.49,64,Medium,103.42,356.48
DOS_DDOS,1.0,0.522,82,High,64.2,355.49
BENIGN,1.0,0.468,63,Medium,43.58,504.2
BENIGN,1.0,0.46,62,Medium,143.36,349.05
DOS_DDOS,1.0,0.479,79,High,63.12,309.96
DOS_DDOS,1.0,0.478,78,High,63.26,323.31
DOS_DDOS,1.0,0.487,79,High,98.71,307.29
BENIGN,1.0,0.492,64,Medium,68.12,378.67
DOS_DDOS,1.0,0.476,78,High,37.7,340.32
BENIGN,1.0,0.461,62,Medium,239.77,298.84
DOS_DDOS,1.0,0.465,78,High,36.36,290.33
DOS_DDOS,1.0,0.488,79,High,128.7,344.2
DOS_DDOS,1.0,0.48,79,High,72.62,329.77
BENIGN,1.0,0.453,62,Medium,83.26,368.79
DOS_DDOS,1.0,0.501,80,High,59.87,349.6
BENIGN,1.0,0.454,62,Medium,143.75,1130.53
DOS_DDOS,1.0,0.484,79,High,95.19,354.62
BENIGN,1.0,0.464,62,Medium,239.79,358.32
DOS_DDOS,1.0,0.469,78,High,64.06,517.37
BENIGN,1.0,0.457,62,Medium,105.17,307.36
BENIGN,1.0,0.493,65,High,124.68,316.69
DOS_DDOS,1.0,0.465,78,High,64.28,333.57
BENIGN,1.0,0.457,62,Medium,93.79,311.35
BENIGN,1.0,0.483,64,Medium,141.59,399.05
DOS_DDOS,1.0,0.529,82,High,42.74,304.36
BENIGN,1.0,0.483,64,Medium,165.25,455.9
BENIGN,1.0,0.457,62,Medium,80.63,295.69
DOS_DDOS,1.0,0.484,79,High,173.87,348.41
BENIGN,1.0,0.47,63,Medium,41.19,548.21
DOS_DDOS,1.0,0.521,81,High,107.55,359.52
DOS_DDOS,1.0,0.502,80,High,62.9,322.87
BENIGN,1.0,0.453,62,Medium,70.61,292.55
BENIGN,1.0,0.453,62,Medium,72.14,462.27
BENIGN,1.0,0.459,62,Medium,100.1,328.17
DOS_DDOS,1.0,0.473,78,High,238.59,347.15
DOS_DDOS,1.0,0.473,78,High,91.85,373.53
DOS_DDOS,1.0,0.491,79,High,251.91,662.47
DOS_DDOS,1.0,0.496,80,High,61.77,516.68
DOS_DDOS,1.0,0.461,77,High,124.8,467.65
DOS_DDOS,1.0,0.468,78,High,187.68,343.92
BENIGN,1.0,0.454,62,Medium,44.48,303.19
BENIGN,1.0,0.496,65,High,51.81,334.26
DOS_DDOS,1.0,0.472,78,High,74.26,456.16
BENIGN,1.0,0.486,64,Medium,93.86,365.73
BENIGN,1.0,0.47,63,Medium,85.48,297.49
BENIGN,1.0,0.476,63,Medium,45.07,451.25
BENIGN,1.0,0.461,62,Medium,133.07,296.33
BENIGN,1.0,0.453,62,Medium,91.3,367.36
BENIGN,1.0,0.454,62,Medium,84.14,294.43
BENIGN,1.0,0.457,62,Medium,58.5,648.45
DOS_DDOS,1.0,0.476,78,High,144.83,295.15
DOS_DDOS,1.0,0.484,79,High,46.17,307.41
BENIGN,1.0,0.457,62,Medium,176.99,369.57
DOS_DDOS,1.0,0.491,79,High,181.07,349.35
DOS_DDOS,1.0,0.484,79,High,107.37,340.51
BENIGN,1.0,0.493,65,High,184.11,407.68
DOS_DDOS,1.0,0.49,79,High,124.2,318.54
DOS_DDOS,1.0,0.469,78,High,89.48,362.33
BENIGN,1.0,0.454,62,Medium,176.79,396.49
DOS_DDOS,1.0,0.519,81,High,154.57,309.37
BENIGN,1.0,0.461,62,Medium,138.49,355.83
BENIGN,1.0,0.464,62,Medium,81.74,363.5
DOS_DDOS,1.0,0.49,79,High,210.17,308.53
BENIGN,1.0,0.458,62,Medium,102.61,307.09
BENIGN,1.0,0.491,64,Medium,94.17,470.93
DOS_DDOS,1.0,0.48,79,High,109.12,291.4
DOS_DDOS,1.0,0.479,78,High,39.54,374.77
DOS_DDOS,1.0,0.473,78,High,118.53,424.65
DOS_DDOS,1.0,0.488,79,High,153.36,321.47
BENIGN,1.0,0.455,62,Medium,38.25,365.44
DOS_DDOS,1.0,0.483,79,High,45.6,441.7
DOS_DDOS,1.0,0.47,78,High,98.6,332.63
DOS_DDOS,1.0,0.494,80,High,80.11,298.08
BENIGN,1.0,0.465,63,Medium,44.08,323.07
BENIGN,1.0,0.461,62,Medium,427.8,319.59
DOS_DDOS,1.0,0.485,79,High,72.87,401.8
DOS_DDOS,1.0,0.47,78,High,80.89,350.97
DOS_DDOS,1.0,0.473,78,High,57.76,430.66
BENIGN,1.0,0.455,62,Medium,65.9,314.92
DOS_DDOS,1.0,0.523,82,High,194.17,354.85
DOS_DDOS,1.0,0.499,80,High,105.03,360.54
DOS_DDOS,1.0,0.471,78,High,189.63,343.3
DOS_DDOS,1.0,0.462,77,High,67.7,329.58
DOS_DDOS,1.0,0.491,79,High,81.32,304.75
DOS_DDOS,1.0,0.493,80,High,265.53,373.54
BENIGN,1.0,0.496,65,High,104.8,304.49
BENIGN,1.0,0.502,65,High,186.76,356.41
DOS_DDOS,1.0,0.482,79,High,60.74,353.67
BENIGN,1.0,0.525,67,High,55.07,329.85
DOS_DDOS,1.0,0.477,78,High,569.81,349.13
DOS_DDOS,1.0,0.469,78,High,78.63,295.0
BENIGN,1.0,0.499,65,High,75.94,375.12
DOS_DDOS,1.0,0.493,80,High,42.22,350.53
BENIGN,1.0,0.478,63,Medium,96.99,315.72
DOS_DDOS,1.0,0.529,82,High,195.6,343.06
BENIGN,1.0,0.461,62,Medium,74.32,343.45
BENIGN,1.0,0.459,62,Medium,521.31,317.39
DOS_DDOS,1.0,0.522,82,High,116.76,414.11
BENIGN,1.0,0.455,62,Medium,150.97,398.91
BENIGN,1.0,0.47,63,Medium,317.49,1412.91
DOS_DDOS,1.0,0.501,80,High,141.55,335.96
BENIGN,1.0,0.453,62,Medium,39.89,384.5
BENIGN,1.0,0.453,62,Medium,69.91,335.25
BENIGN,1.0,0.454,62,Medium,76.48,429.7
DOS_DDOS,1.0,0.464,77,High,132.45,311.8
DOS_DDOS,1.0,0.483,79,High,84.37,319.11
BENIGN,1.0,0.457,62,Medium,156.81,337.5
DOS_DDOS,1.0,0.483,79,High,96.04,301.95
DOS_DDOS,1.0,0.486,79,High,74.06,327.31
DOS_DDOS,1.0,0.484,79,High,65.42,376.65
DOS_DDOS,1.0,0.475,78,High,90.91,293.45
DOS_DDOS,1.0,0.485,79,High,42.7,322.8
DOS_DDOS,1.0,0.522,82,High,38.69,443.28
BENIGN,1.0,0.49,64,Medium,136.76,358.42
BENIGN,1.0,0.47,63,Medium,152.86,347.77
DOS_DDOS,1.0,0.478,78,High,1003.11,363.98
BENIGN,1.0,0.502,65,High,62.39,323.0
DOS_DDOS,1.0,0.489,79,High,202.81,333.65
DOS_DDOS,1.0,0.499,80,High,53.04,310.62
DOS_DDOS,1.0,0.481,79,High,66.53,305.79
BENIGN,1.0,0.503,65,High,53.03,422.51
DOS_DDOS,1.0,0.477,78,High,57.27,315.1
DOS_DDOS,1.0,0.484,79,High,70.75,358.94
BENIGN,1.0,0.455,62,Medium,42.16,382.25
DOS_DDOS,1.0,0.499,80,High,74.76,391.72
DOS_DDOS,1.0,0.499,80,High,138.87,374.24
DOS_DDOS,1.0,0.482,79,High,60.67,338.5
BENIGN,1.0,0.495,65,High,116.61,319.18
DOS_DDOS,1.0,0.49,79,High,80.04,337.19
BENIGN,1.0,0.49,64,Medium,91.28,325.98
BENIGN,1.0,0.453,62,Medium,230.43,357.11
BENIGN,1.0,0.518,66,High,107.08,365.75
BENIGN,1.0,0.491,64,Medium,73.08,321.89
DOS_DDOS,1.0,0.49,79,High,121.76,387.15
DOS_DDOS,1.0,0.491,79,High,41.73,377.53
DOS_DDOS,1.0,0.484,79,High,234.37,326.1
BENIGN,1.0,0.457,62,Medium,88.87,321.33
DOS_DDOS,1.0,0.472,78,High,77.91,548.45
DOS_DDOS,1.0,0.499,80,High,373.78,372.92
DOS_DDOS,1.0,0.469,78,High,97.0,421.05
DOS_DDOS,1.0,0.484,79,High,221.55,417.9
DOS_DDOS,1.0,0.485,79,High,89.63,362.81
DOS_DDOS,1.0,0.488,79,High,691.96,305.27
BENIGN,1.0,0.495,65,High,243.5,2026.59
BENIGN,1.0,0.461,62,Medium,1231.18,999.06
DOS_DDOS,1.0,0.484,79,High,91.59,349.86
BENIGN,1.0,0.461,62,Medium,88.02,313.94
BENIGN,1.0,0.49,64,Medium,43.1,293.64
DOS_DDOS,1.0,0.478,78,High,765.39,487.16
DOS_DDOS,1.0,0.499,80,High,127.23,541.64
BENIGN,1.0,0.461,62,Medium,89.19,334.68
DOS_DDOS,1.0,0.486,79,High,296.5,356.5
DOS_DDOS,1.0,0.483,79,High,119.38,403.22
DOS_DDOS,1.0,0.523,82,High,123.36,364.39
DOS_DDOS,1.0,0.494,80,High,414.52,447.38
DOS_DDOS,1.0,0.493,80,High,107.04,347.03
BENIGN,1.0,0.47,63,Medium,90.23,290.8
DOS_DDOS,1.0,0.476,78,High,39.12,294.65
BENIGN,1.0,0.494,65,High,100.51,289.3
BENIGN,1.0,0.457,62,Medium,70.22,430.23
DOS_DDOS,1.0,0.47,78,High,36.95,330.94
BENIGN,1.0,0.455,62,Medium,148.5,868.82
BENIGN,1.0,0.494,65,High,88.04,297.3
BENIGN,1.0,0.495,65,High,90.97,304.44
DOS_DDOS,1.0,0.475,78,High,73.47,1567.9
BENIGN,1.0,0.46,62,Medium,126.04,302.09
BENIGN,1.0,0.498,65,High,41.92,353.81
DOS_DDOS,1.0,0.528,82,High,92.41,328.49
BENIGN,1.0,0.466,63,Medium,37.11,314.58
BENIGN,0.98,0.487,63,Medium,78.74,290.87
DOS_DDOS,1.0,0.478,78,High,123.02,294.15
DOS_DDOS,1.0,0.465,78,High,39.95,318.26
BENIGN,1.0,0.457,62,Medium,66.38,311.45
BENIGN,1.0,0.505,65,High,101.45,292.72
BENIGN,1.0,0.454,62,Medium,111.85,312.57
BENIGN,0.97,0.47,62,Medium,100.79,317.67
DOS_DDOS,1.0,0.475,78,High,104.26,344.91
DOS_DDOS,1.0,0.469,78,High,39.86,430.48
BENIGN,1.0,0.523,67,High,40.4,366.18
DOS_DDOS,1.0,0.484,79,High,219.64,330.79
BENIGN,1.0,0.488,64,Medium,92.76,294.7
DOS_DDOS,1.0,0.473,78,High,46.81,293.2
DOS_DDOS,1.0,0.494,80,High,46.01,384.52
DOS_DDOS,1.0,0.471,78,High,100.52,295.86
DOS_DDOS,1.0,0.475,78,High,40.63,294.1
BENIGN,1.0,0.488,64,Medium,49.37,421.74
DOS_DDOS,1.0,0.476,78,High,48.47,363.75
DOS_DDOS,1.0,0.475,78,High,279.74,298.58
BENIGN,1.0,0.455,62,Medium,116.33,296.56
DOS_DDOS,1.0,0.488,79,High,39.0,358.35
BENIGN,1.0,0.461,62,Medium,444.87,298.14
DOS_DDOS,1.0,0.484,79,High,52.97,321.99
BENIGN,1.0,0.455,62,Medium,66.44,305.22
BENIGN,1.0,0.498,65,High,144.34,558.13
BENIGN,1.0,0.491,64,Medium,225.67,369.3
BENIGN,1.0,0.496,65,High,49.84,326.67
DOS_DDOS,1.0,0.5,80,High,50.71,598.9
DOS_DDOS,1.0,0.478,78,High,52.29,294.73
DOS_DDOS,1.0,0.484,79,High,76.44,434.59
BENIGN,1.0,0.456,62,Medium,85.27,296.37
BENIGN,1.0,0.454,62,Medium,40.42,392.33
BENIGN,1.0,0.46,62,Medium,124.53,329.39
DOS_DDOS,1.0,0.499,80,High,61.72,314.77
DOS_DDOS,1.0,0.469,78,High,59.64,359.49
BENIGN,1.0,0.457,62,Medium,78.5,352.9
BENIGN,1.0,0.503,65,High,42.25,290.17
DOS_DDOS,1.0,0.495,80,High,82.1,419.69
BENIGN,1.0,0.455,62,Medium,87.59,294.08
BENIGN,1.0,0.456,62,Medium,233.9,566.56
DOS_DDOS,1.0,0.521,81,High,259.99,455.79
DOS_DDOS,1.0,0.497,80,High,267.67,754.22
BENIGN,1.0,0.512,66,High,375.43,467.41
BENIGN,1.0,0.456,62,Medium,109.1,325.02
DOS_DDOS,1.0,0.466,78,High,57.67,400.68
BENIGN,1.0,0.457,62,Medium,77.69,311.98
DOS_DDOS,1.0,0.485,79,High,130.89,328.31
BENIGN,1.0,0.464,62,Medium,191.71,388.06
BENIGN,1.0,0.454,62,Medium,43.11,349.21
DOS_DDOS,1.0,0.462,77,High,44.75,380.9
BENIGN,1.0,0.456,62,Medium,251.96,360.85
DOS_DDOS,1.0,0.483,79,High,120.61,350.31
DOS_DDOS,1.0,0.469,78,High,65.52,292.19
DOS_DDOS,1.0,0.459,77,High,67.15,309.59
BENIGN,1.0,0.458,62,Medium,82.35,354.09
DOS_DDOS,1.0,0.529,82,High,59.43,454.27
BENIGN,1.0,0.498,65,High,143.76,288.51
DOS_DDOS,1.0,0.484,79,High,38.88,345.39
BENIGN,1.0,0.485,64,Medium,45.91,452.96
BENIGN,1.0,0.524,67,High,351.49,300.41
DOS_DDOS,1.0,0.47,78,High,96.77,345.41
BENIGN,1.0,0.47,63,Medium,121.07,338.49
DOS_DDOS,1.0,0.482,79,High,52.68,595.28
DOS_DDOS,1.0,0.499,80,High,73.73,307.48
DOS_DDOS,1.0,0.486,79,High,49.73,297.08
DOS_DDOS,1.0,0.525,82,High,134.84,473.89
BENIGN,1.0,0.457,62,Medium,132.11,327.53
BENIGN,1.0,0.454,62,Medium,119.46,295.86
DOS_DDOS,1.0,0.499,80,High,58.46,400.72
BENIGN,1.0,0.483,64,Medium,108.88,329.06
BENIGN,1.0,0.49,64,Medium,1848.99,473.41
DOS_DDOS,1.0,0.469,78,High,127.02,367.78
DOS_DDOS,1.0,0.485,79,High,95.88,440.33
BENIGN,1.0,0.453,62,Medium,537.54,385.78
DOS_DDOS,1.0,0.52,81,High,64.09,304.82
BENIGN,1.0,0.467,63,Medium,54.13,292.18
DOS_DDOS,1.0,0.522,82,High,150.06,299.42
BENIGN,1.0,0.458,62,Medium,41.77,339.4
DOS_DDOS,1.0,0.526,82,High,91.38,306.4
BENIGN,1.0,0.48,64,Medium,75.93,499.27
DOS_DDOS,1.0,0.485,79,High,135.8,309.13
DOS_DDOS,1.0,0.527,82,High,49.44,313.62
DOS_DDOS,1.0,0.494,80,High,50.28,699.96
DOS_DDOS,1.0,0.477,78,High,44.41,291.5
DOS_DDOS,1.0,0.524,82,High,74.21,311.09
DOS_DDOS,1.0,0.485,79,High,88.34,397.7
BENIGN,1.0,0.464,62,Medium,59.47,331.3
BENIGN,1.0,0.454,62,Medium,150.39,499.06
DOS_DDOS,1.0,0.485,79,High,64.85,294.79
BENIGN,1.0,0.453,62,Medium,53.79,360.71
DOS_DDOS,1.0,0.469,78,High,45.1,478.6
BENIGN,1.0,0.453,62,Medium,74.61,297.09
DOS_DDOS,1.0,0.487,79,High,146.08,321.15
DOS_DDOS,1.0,0.47,78,High,61.5,313.82
DOS_DDOS,1.0,0.485,79,High,296.72,375.46
BENIGN,1.0,0.455,62,Medium,574.42,376.36
DOS_DDOS,1.0,0.493,80,High,245.88,418.91
DOS_DDOS,1.0,0.468,78,High,231.49,568.08
DOS_DDOS,1.0,0.469,78,High,620.01,357.38
DOS_DDOS,1.0,0.469,78,High,117.43,342.73
BENIGN,1.0,0.462,62,Medium,225.09,558.04
BENIGN,1.0,0.454,62,Medium,149.12,540.67
BENIGN,1.0,0.454,62,Medium,885.84,357.5
DOS_DDOS,1.0,0.488,79,High,205.21,558.26
BENIGN,1.0,0.458,62,Medium,181.05,574.81
BENIGN,1.0,0.503,65,High,213.9,378.92
DOS_DDOS,1.0,0.485,79,High,90.85,341.81
DOS_DDOS,1.0,0.489,79,High,324.64,376.05
BENIGN,1.0,0.5,65,High,197.52,402.34
BENIGN,1.0,0.455,62,Medium,43.78,393.46
BENIGN,1.0,0.49,64,Medium,111.1,424.72
BENIGN,1.0,0.454,62,Medium,143.97,312.76
DOS_DDOS,1.0,0.465,78,High,169.56,321.99
BENIGN,1.0,0.455,62,Medium,69.55,338.12
BENIGN,1.0,0.509,66,High,187.78,394.35
DOS_DDOS,1.0,0.471,78,High,1368.53,1252.87
DOS_DDOS,1.0,0.475,78,High,1202.92,719.99
DOS_DDOS,1.0,0.525,82,High,183.85,734.39
DOS_DDOS,1.0,0.484,79,High,389.57,367.71
BENIGN,1.0,0.455,62,Medium,107.66,370.91
BENIGN,1.0,0.497,65,High,117.6,468.97
BENIGN,1.0,0.484,64,Medium,203.74,498.07
DOS_DDOS,1.0,0.484,79,High,120.39,350.51
DOS_DDOS,1.0,0.46,77,High,112.1,343.61
BENIGN,1.0,0.457,62,Medium,140.49,400.56
DOS_DDOS,1.0,0.502,80,High,118.95,396.05
BENIGN,1.0,0.453,62,Medium,221.58,478.4
DOS_DDOS,1.0,0.486,79,High,100.02,344.4
BENIGN,1.0,0.458,62,Medium,165.27,433.63
DOS_DDOS,1.0,0.525,82,High,90.39,370.67
BENIGN,1.0,0.457,62,Medium,81.7,352.81
DOS_DDOS,1.0,0.494,80,High,1045274.44,402.85
BENIGN,1.0,0.475,63,Medium,57.15,329.61
DOS_DDOS,1.0,0.527,82,High,201.1,333.62
DOS_DDOS,1.0,0.525,82,High,1521.32,438.71
DOS_DDOS,1.0,0.485,79,High,93.68,371.43
DOS_DDOS,1.0,0.472,78,High,83.87,487.36
BENIGN,1.0,0.498,65,High,77.33,348.12
BENIGN,1.0,0.455,62,Medium,144.63,371.92
BENIGN,1.0,0.454,62,Medium,180.58,480.93
DOS_DDOS,1.0,0.488,79,High,148.68,443.85
DOS_DDOS,1.0,0.47,78,High,138.4,434.89
BENIGN,1.0,0.454,62,Medium,67.73,333.26
DOS_DDOS,1.0,0.493,80,High,314.16,488.29
BENIGN,1.0,0.454,62,Medium,355.54,442.1
DOS_DDOS,1.0,0.521,81,High,105.75,779.61
DOS_DDOS,1.0,0.52,81,High,416.14,493.18
BENIGN,1.0,0.455,62,Medium,189.92,561.21
BENIGN,1.0,0.542,68,High,114.7,661.82
DOS_DDOS,1.0,0.49,79,High,558.45,354.51
DOS_DDOS,1.0,0.479,79,High,135.23,364.11
BENIGN,1.0,0.488,64,Medium,59.51,399.23
BENIGN,1.0,0.457,62,Medium,107.95,346.27
BENIGN,1.0,0.501,65,High,85.86,304.24
BENIGN,1.0,0.494,65,High,193.45,285.21
BENIGN,1.0,0.457,62,Medium,36.4,415.34
BENIGN,1.0,0.456,62,Medium,180.98,325.58
DOS_DDOS,1.0,0.486,79,High,95.83,321.4
BENIGN,1.0,0.465,63,Medium,57.16,312.39
DOS_DDOS,1.0,0.491,79,High,133.82,385.14
BENIGN,1.0,0.454,62,Medium,62.75,286.32
DOS_DDOS,1.0,0.499,80,High,64.24,287.98
DOS_DDOS,1.0,0.48,79,High,52.24,341.17
DOS_DDOS,1.0,0.473,78,High,38.14,290.59
DOS_DDOS,1.0,0.507,80,High,94.53,316.51
BENIGN,1.0,0.453,62,Medium,38.73,718.45
BENIGN,1.0,0.46,62,Medium,103.71,305.43
DOS_DDOS,1.0,0.468,78,High,145.82,300.26
BENIGN,1.0,0.454,62,Medium,78.1,311.48
BENIGN,1.0,0.509,66,High,205.38,314.19
DOS_DDOS,1.0,0.501,80,High,101.12,384.67
BENIGN,1.0,0.461,62,Medium,55.81,289.57
BENIGN,1.0,0.453,62,Medium,79.59,402.58
BENIGN,1.0,0.464,62,Medium,56.72,329.9
BENIGN,1.0,0.48,64,Medium,41.23,340.26
BENIGN,1.0,0.465,63,Medium,95.97,304.08
DOS_DDOS,1.0,0.484,79,High,66.27,312.05
DOS_DDOS,1.0,0.519,81,High,66.14,315.28
DOS_DDOS,1.0,0.488,79,High,73.59,323.56
BENIGN,1.0,0.454,62,Medium,134.43,334.39
DOS_DDOS,1.0,0.483,79,High,64.48,318.13
BENIGN,1.0,0.462,62,Medium,100.06,420.25
DOS_DDOS,1.0,0.494,80,High,280.17,340.03
BENIGN,1.0,0.453,62,Medium,94.8,300.54
BENIGN,1.0,0.461,62,Medium,49.21,326.41
BENIGN,1.0,0.455,62,Medium,74.75,389.42
DOS_DDOS,1.0,0.483,79,High,39.58,356.35
BENIGN,1.0,0.453,62,Medium,85.77,287.73
DOS_DDOS,1.0,0.525,82,High,90.05,322.52
DOS_DDOS,1.0,0.465,78,High,79.36,384.71
BENIGN,1.0,0.488,64,Medium,59.7,346.2
DOS_DDOS,1.0,0.465,78,High,119.31,355.82
DOS_DDOS,1.0,0.478,78,High,61.56,440.59
BENIGN,1.0,0.481,64,Medium,110.95,306.21
DOS_DDOS,1.0,0.482,79,High,91.17,350.49
BENIGN,1.0,0.454,62,Medium,120.87,404.65
DOS_DDOS,1.0,0.483,79,High,147.25,363.46
DOS_DDOS,1.0,0.478,78,High,96.6,329.46
DOS_DDOS,1.0,0.469,78,High,119.81,463.55
BENIGN,1.0,0.503,65,High,150.43,333.83
DOS_DDOS,1.0,0.499,80,High,96.87,440.94
BENIGN,1.0,0.497,65,High,248.38,363.98
DOS_DDOS,1.0,0.527,82,High,112.28,338.16
DOS_DDOS,1.0,0.488,79,High,140.73,385.66
DOS_DDOS,1.0,0.475,78,High,192.67,411.22
DOS_DDOS,1.0,0.466,78,High,130.22,361.99
DOS_DDOS,1.0,0.476,78,High,172.79,591.27
DOS_DDOS,1.0,0.469,78,High,74.47,331.14
BENIGN,1.0,0.455,62,Medium,124.42,464.3
BENIGN,1.0,0.453,62,Medium,279.16,374.54
DOS_DDOS,1.0,0.484,79,High,64.18,495.84
BENIGN,1.0,0.455,62,Medium,141.97,355.54
DOS_DDOS,1.0,0.471,78,High,389.01,350.51
DOS_DDOS,1.0,0.522,82,High,153.5,333.11
BENIGN,1.0,0.458,62,Medium,239.46,458.83
DOS_DDOS,1.0,0.487,79,High,214.53,618.29
BENIGN,1.0,0.504,65,High,422.56,497.78
DOS_DDOS,1.0,0.469,78,High,215.8,1691.67
BENIGN,1.0,0.453,62,Medium,245.09,412.69
BENIGN,1.0,0.461,62,Medium,212.89,418.42
DOS_DDOS,1.0,0.484,79,High,161.75,450.86
BENIGN,1.0,0.46,62,Medium,106.15,298.79
BENIGN,1.0,0.5,65,High,143.35,398.01
DOS_DDOS,1.0,0.492,79,High,135.54,496.82
DOS_DDOS,1.0,0.466,78,High,289.29,422.72
BENIGN,1.0,0.503,65,High,156.15,433.99
BENIGN,1.0,0.455,62,Medium,50.57,315.18
DOS_DDOS,1.0,0.52,81,High,60.4,326.1
BENIGN,1.0,0.453,62,Medium,177.82,358.71
BENIGN,1.0,0.47,63,Medium,42.97,307.79
BENIGN,1.0,0.453,62,Medium,73.89,419.13
DOS_DDOS,1.0,0.524,82,High,279.5,312.06
DOS_DDOS,1.0,0.474,78,High,63.73,301.38
DOS_DDOS,1.0,0.502,80,High,284.25,517.79
DOS_DDOS,1.0,0.488,79,High,71.06,365.05
DOS_DDOS,1.0,0.484,79,High,354.21,398.66
DOS_DDOS,1.0,0.471,78,High,254.01,403.66
DOS_DDOS,1.0,0.526,82,High,200.62,474.34
DOS_DDOS,1.0,0.494,80,High,140.1,340.49
BENIGN,1.0,0.482,64,Medium,184.71,327.1
DOS_DDOS,1.0,0.476,78,High,209.08,405.36
DOS_DDOS,1.0,0.481,79,High,118.54,306.53
BENIGN,1.0,0.454,62,Medium,108.91,497.27
BENIGN,1.0,0.459,62,Medium,244.86,393.38
DOS_DDOS,1.0,0.483,79,High,93.37,337.31
DOS_DDOS,1.0,0.465,78,High,148.34,296.55
DOS_DDOS,1.0,0.492,79,High,181.77,416.31
DOS_DDOS,1.0,0.529,82,High,64.97,297.41
DOS_DDOS,1.0,0.484,79,High,42.0,308.65
DOS_DDOS,1.0,0.484,79,High,119.63,350.26
DOS_DDOS,1.0,0.484,79,High,127.51,351.82
DOS_DDOS,1.0,0.487,79,High,77.22,578.29
DOS_DDOS,1.0,0.499,80,High,79.41,304.12
DOS_DDOS,1.0,0.499,80,High,53.87,1629.9
DOS_DDOS,1.0,0.471,78,High,162.07,318.55
BENIGN,1.0,0.489,64,Medium,77.87,320.22
DOS_DDOS,1.0,0.49,79,High,140.64,344.28
DOS_DDOS,1.0,0.477,78,High,94.97,359.46
BENIGN,1.0,0.495,65,High,165.94,356.37
BENIGN,1.0,0.488,64,Medium,39.04,316.87
DOS_DDOS,1.0,0.46,77,High,70.08,313.09
BENIGN,1.0,0.455,62,Medium,62.92,309.57
BENIGN,1.0,0.453,62,Medium,51.4,313.44
BENIGN,1.0,0.51,66,High,160.62,413.05
BENIGN,1.0,0.453,62,Medium,111.16,370.81
BENIGN,1.0,0.453,62,Medium,99.05,310.97
DOS_DDOS,1.0,0.495,80,High,61.88,367.74
BENIGN,1.0,0.502,65,High,62.35,405.42
BENIGN,1.0,0.47,63,Medium,102.81,307.3
BENIGN,1.0,0.457,62,Medium,136.77,295.47
DOS_DDOS,1.0,0.488,79,High,194.65,637.89
BENIGN,1.0,0.453,62,Medium,228.97,453.14
DOS_DDOS,1.0,0.478,78,High,102.52,475.5
BENIGN,1.0,0.495,65,High,173.28,496.6
DOS_DDOS,1.0,0.485,79,High,209.97,459.76
DOS_DDOS,1.0,0.486,79,High,278.97,377.13
DOS_DDOS,1.0,0.482,79,High,121.71,321.69
DOS_DDOS,1.0,0.471,78,High,139.64,578.96
DOS_DDOS,1.0,0.521,81,High,75.38,383.69
DOS_DDOS,1.0,0.467,78,High,153.27,568.31
DOS_DDOS,1.0,0.483,79,High,198.37,472.3
DOS_DDOS,1.0,0.524,82,High,140.76,342.55
DOS_DDOS,1.0,0.485,79,High,67.37,323.07
BENIGN,1.0,0.49,64,Medium,137.02,314.81
DOS_DDOS,1.0,0.481,79,High,148.65,336.21
BENIGN,1.0,0.454,62,Medium,147.86,477.2
BENIGN,1.0,0.457,62,Medium,49.92,480.36
DOS_DDOS,1.0,0.484,79,High,227.78,584.53
DOS_DDOS,1.0,0.494,80,High,78.97,396.51
DOS_DDOS,1.0,0.482,79,High,89.55,334.35
DOS_DDOS,1.0,0.501,80,High,53.27,330.14
DOS_DDOS,1.0,0.47,78,High,40.07,338.03
DOS_DDOS,1.0,0.524,82,High,37.53,284.25
DOS_DDOS,1.0,0.491,79,High,39.8,289.83
DOS_DDOS,1.0,0.485,79,High,65.84,361.81
DOS_DDOS,1.0,0.499,80,High,75.51,334.35
BENIGN,1.0,0.453,62,Medium,62.35,291.67
BENIGN,1.0,0.467,63,Medium,42.98,311.17
DOS_DDOS,1.0,0.483,79,High,45.04,295.3
BENIGN,1.0,0.457,62,Medium,37.62,298.17
DOS_DDOS,1.0,0.469,78,High,42.81,289.69
DOS_DDOS,1.0,0.522,82,High,106.19,311.78
BENIGN,1.0,0.496,65,High,40.13,312.47
DOS_DDOS,1.0,0.483,79,High,72.67,320.27
BENIGN,1.0,0.458,62,Medium,83.69,333.69
DOS_DDOS,1.0,0.49,79,High,70.55,321.85
DOS_DDOS,1.0,0.469,78,High,82.8,322.3
DOS_DDOS,1.0,0.479,79,High,61.21,314.6
DOS_DDOS,1.0,0.471,78,High,63.1,366.09
BENIGN,1.0,0.454,62,Medium,63.27,355.16
BENIGN,1.0,0.453,62,Medium,64.68,315.44
BENIGN,1.0,0.453,62,Medium,62.64,308.35
DOS_DDOS,1.0,0.468,78,High,76.27,313.78
DOS_DDOS,1.0,0.521,81,High,67.63,313.87
DOS_DDOS,1.0,0.484,79,High,57.73,305.38
DOS_DDOS,1.0,0.466,78,High,53.7,320.76
BENIGN,1.0,0.461,62,Medium,119.6,318.1
DOS_DDOS,1.0,0.525,82,High,41.19,394.85
DOS_DDOS,1.0,0.484,79,High,35.58,316.65
DOS_DDOS,1.0,0.477,78,High,50.3,287.75
DOS_DDOS,1.0,0.493,80,High,133.31,308.38
BENIGN,1.0,0.46,62,Medium,57.49,339.08
BENIGN,1.0,0.454,62,Medium,65.86,323.7
DOS_DDOS,1.0,0.47,78,High,52.99,346.64
BENIGN,1.0,0.46,62,Medium,49.01,294.87
DOS_DDOS,1.0,0.499,80,High,68.1,298.12
BENIGN,1.0,0.476,63,Medium,35.36,299.24
DOS_DDOS,1.0,0.468,78,High,35.37,319.69
DOS_DDOS,1.0,0.487,79,High,331.69,315.33
DOS_DDOS,1.0,0.493,80,High,113.85,310.14
DOS_DDOS,1.0,0.47,78,High,48.87,314.59
BENIGN,1.0,0.457,62,Medium,60.93,361.94
BENIGN,1.0,0.454,62,Medium,75.93,322.37
BENIGN,1.0,0.493,64,Medium,75.41,347.95
BENIGN,1.0,0.46,62,Medium,67.42,315.76
DOS_DDOS,1.0,0.484,79,High,38.87,299.9
BENIGN,1.0,0.504,65,High,76.03,314.83
BENIGN,1.0,0.455,62,Medium,78.46,310.55
DOS_DDOS,1.0,0.47,78,High,40.62,289.12
DOS_DDOS,1.0,0.483,79,High,44.78,343.65
DOS_DDOS,1.0,0.523,82,High,36.45,328.07
DOS_DDOS,1.0,0.481,79,High,83.63,366.58
DOS_DDOS,1.0,0.48,79,High,40.4,326.68
DOS_DDOS,1.0,0.485,79,High,154.69,299.17
BENIGN,1.0,0.462,62,Medium,68.64,344.89
DOS_DDOS,1.0,0.484,79,High,129.95,405.22
DOS_DDOS,1.0,0.481,79,High,52.1,370.93
DOS_DDOS,1.0,0.523,82,High,127.12,300.74
DOS_DDOS,1.0,0.464,77,High,65.43,313.48
DOS_DDOS,1.0,0.465,78,High,57.68,309.61
BENIGN,1.0,0.466,63,Medium,135.08,324.99
DOS_DDOS,1.0,0.469,78,High,95.15,366.78
BENIGN,1.0,0.481,64,Medium,54.02,313.21
BENIGN,1.0,0.453,62,Medium,105.56,313.15
BENIGN,1.0,0.469,63,Medium,71.39,424.91
DOS_DDOS,1.0,0.466,78,High,58.02,313.0
DOS_DDOS,1.0,0.484,79,High,88.37,312.34
DOS_DDOS,1.0,0.483,79,High,128.46,322.2
DOS_DDOS,1.0,0.484,79,High,80.46,343.75
DOS_DDOS,1.0,0.486,79,High,87.13,371.56
DOS_DDOS,1.0,0.478,78,High,123.55,369.38
DOS_DDOS,1.0,0.472,78,High,58.09,308.15
DOS_DDOS,1.0,0.488,79,High,58.05,343.51
BENIGN,1.0,0.47,63,Medium,113.7,327.25
BENIGN,1.0,0.46,62,Medium,99.98,297.23
DOS_DDOS,1.0,0.525,82,High,54.55,324.62
DOS_DDOS,1.0,0.489,79,High,36.7,289.75
BENIGN,1.0,0.496,65,High,86.74,298.3
BENIGN,1.0,0.481,64,Medium,301.21,359.19
BENIGN,1.0,0.491,64,Medium,34.7,326.74
DOS_DDOS,1.0,0.484,79,High,45.5,320.8
DOS_DDOS,1.0,0.493,80,High,41.52,290.13
DOS_DDOS,1.0,0.502,80,High,97.0,375.17
DOS_DDOS,1.0,0.484,79,High,46.69,298.81
DOS_DDOS,1.0,0.484,79,High,117.1,338.05
DOS_DDOS,1.0,0.492,79,High,58.81,293.68
BENIGN,1.0,0.454,62,Medium,133.1,294.73
DOS_DDOS,1.0,0.522,82,High,35.61,288.33
DOS_DDOS,1.0,0.489,79,High,40.8,301.56
DOS_DDOS,1.0,0.468,78,High,112.26,337.87
BENIGN,1.0,0.496,65,High,70.12,290.98
BENIGN,1.0,0.515,66,High,38.45,296.58
DOS_DDOS,1.0,0.483,79,High,99.99,316.88
DOS_DDOS,1.0,0.485,79,High,87.59,327.36
BENIGN,1.0,0.536,67,High,95.46,297.23
BENIGN,1.0,0.489,64,Medium,131.38,354.8
BENIGN,1.0,0.47,63,Medium,68.17,327.18
BENIGN,1.0,0.514,66,High,41.67,328.46
DOS_DDOS,1.0,0.492,79,High,50.84,344.29
DOS_DDOS,1.0,0.466,78,High,125.79,351.37
BENIGN,1.0,0.465,63,Medium,74.67,322.46
DOS_DDOS,1.0,0.483,79,High,39.23,289.63
DOS_DDOS,1.0,0.473,78,High,36.47,378.26
BENIGN,1.0,0.48,64,Medium,41.39,302.47
DOS_DDOS,1.0,0.482,79,High,51.31,322.55
DOS_DDOS,1.0,0.465,78,High,80.3,306.14
DOS_DDOS,1.0,0.521,81,High,64.42,309.74
DOS_DDOS,1.0,0.468,78,High,63.31,386.81
DOS_DDOS,1.0,0.497,80,High,77.48,403.69
DOS_DDOS,1.0,0.499,80,High,104.03,291.71
DOS_DDOS,1.0,0.48,79,High,36.91,287.19
BENIGN,1.0,0.454,62,Medium,36.55,297.53
DOS_DDOS,1.0,0.478,78,High,34.78,302.9
DOS_DDOS,1.0,0.485,79,High,98.49,351.98
BENIGN,1.0,0.495,65,High,37.83,299.6
BENIGN,1.0,0.453,62,Medium,104.05,314.44
DOS_DDOS,1.0,0.525,82,High,75.74,314.3
DOS_DDOS,1.0,0.464,77,High,62.29,315.11
BENIGN,1.0,0.455,62,Medium,90.84,341.15
DOS_DDOS,1.0,0.484,79,High,109.02,348.9
BENIGN,1.0,0.501,65,High,115.9,334.16
DOS_DDOS,1.0,0.52,81,High,65.52,296.92
DOS_DDOS,1.0,0.493,79,High,44.54,339.47
BENIGN,1.0,0.453,62,Medium,98.74,419.59
BENIGN,1.0,0.483,64,Medium,63.99,400.29
BENIGN,1.0,0.458,62,Medium,85.2,288.13
DOS_DDOS,1.0,0.477,78,High,51.31,287.42
DOS_DDOS,1.0,0.485,79,High,103.73,325.45
DOS_DDOS,1.0,0.481,79,High,60.15,325.36
BENIGN,1.0,0.453,62,Medium,71.11,321.39
BENIGN,1.0,0.457,62,Medium,36.79,290.75
DOS_DDOS,1.0,0.488,79,High,66.16,293.42
DOS_DDOS,1.0,0.485,79,High,38.09,299.02
DOS_DDOS,1.0,0.472,78,High,56.11,355.09
DOS_DDOS,1.0,0.484,79,High,84.12,297.86
DOS_DDOS,1.0,0.533,82,High,63.54,333.96
BENIGN,1.0,0.498,65,High,72.59,321.24
DOS_DDOS,1.0,0.525,82,High,39.31,333.66
BENIGN,1.0,0.454,62,Medium,136.71,366.3
BENIGN,1.0,0.454,62,Medium,89.86,289.37
DOS_DDOS,1.0,0.488,79,High,37.66,294.01
DOS_DDOS,1.0,0.525,82,High,41.55,331.58
BENIGN,1.0,0.454,62,Medium,37.72,349.27
BENIGN,1.0,0.481,64,Medium,116.13,291.62
DOS_DDOS,1.0,0.527,82,High,62.5,345.51
DOS_DDOS,1.0,0.484,79,High,63.59,313.01
DOS_DDOS,1.0,0.462,77,High,45.29,329.47
DOS_DDOS,1.0,0.501,80,High,71.36,326.31
DOS_DDOS,1.0,0.522,82,High,40.38,314.48
BENIGN,1.0,0.455,62,Medium,83.4,304.35
BENIGN,1.0,0.454,62,Medium,68.09,286.85
DOS_DDOS,1.0,0.519,81,High,74.84,330.94
BENIGN,1.0,0.457,62,Medium,54.39,297.36
DOS_DDOS,1.0,0.468,78,High,66.35,289.99
BENIGN,1.0,0.457,62,Medium,142.36,341.23
BENIGN,1.0,0.46,62,Medium,56.25,291.92
DOS_DDOS,1.0,0.469,78,High,43.69,307.09
DOS_DDOS,1.0,0.526,82,High,75.05,299.87
BENIGN,1.0,0.454,62,Medium,37.52,288.81
BENIGN,1.0,0.454,62,Medium,37.48,291.88
BENIGN,1.0,0.457,62,Medium,85.79,353.3
DOS_DDOS,1.0,0.465,78,High,65.74,287.36
DOS_DDOS,1.0,0.484,79,High,57.8,302.11
BENIGN,1.0,0.461,62,Medium,51.32,286.56
BENIGN,1.0,0.454,62,Medium,88.19,284.51
BENIGN,0.99,0.47,63,Medium,58.56,304.31
DOS_DDOS,1.0,0.472,78,High,54.98,388.0
BENIGN,1.0,0.496,65,High,35.07,285.5
DOS_DDOS,1.0,0.471,78,High,49.76,374.37
BENIGN,1.0,0.457,62,Medium,48.13,288.57
BENIGN,1.0,0.49,64,Medium,35.51,288.45
DOS_DDOS,1.0,0.484,79,High,59.71,356.94
DOS_DDOS,1.0,0.471,78,High,52.51,302.43
DOS_DDOS,1.0,0.526,82,High,39.74,289.47
DOS_DDOS,1.0,0.489,79,High,38.33,293.27
BENIGN,1.0,0.454,62,Medium,90.77,288.77
BENIGN,1.0,0.514,66,High,1191.21,288.11
DOS_DDOS,1.0,0.467,78,High,45.79,503.34
BENIGN,1.0,0.491,64,Medium,39.5,292.01
DOS_DDOS,1.0,0.482,79,High,51.72,297.78
DOS_DDOS,1.0,0.525,82,High,58.48,360.15
BENIGN,1.0,0.455,62,Medium,62.88,291.56
DOS_DDOS,1.0,0.494,80,High,85.51,305.19
BENIGN,1.0,0.524,67,High,87.04,308.15
DOS_DDOS,1.0,0.495,80,High,37.68,297.96
DOS_DDOS,1.0,0.488,79,High,37.57,296.39
BENIGN,1.0,0.494,65,High,68.06,352.97
DOS_DDOS,1.0,0.47,78,High,61.39,400.35
DOS_DDOS,1.0,0.496,80,High,71.51,325.56
DOS_DDOS,1.0,0.5,80,High,68.85,325.97
DOS_DDOS,1.0,0.494,80,High,56.98,286.76
BENIGN,1.0,0.506,65,High,94.52,287.18
DOS_DDOS,1.0,0.474,78,High,53.97,289.93
BENIGN,1.0,0.456,62,Medium,36.04,368.37
DOS_DDOS,1.0,0.487,79,High,46.6,303.89
DOS_DDOS,1.0,0.468,78,High,121.68,314.75
DOS_DDOS,1.0,0.471,78,High,124.29,327.84
DOS_DDOS,1.0,0.467,78,High,79.22,307.93
DOS_DDOS,1.0,0.521,81,High,40.92,285.18
BENIGN,1.0,0.461,62,Medium,85.6,289.55
DOS_DDOS,1.0,0.526,82,High,47.54,364.64
DOS_DDOS,1.0,0.477,78,High,61.47,311.44
DOS_DDOS,1.0,0.484,79,High,78.5,311.35
BENIGN,1.0,0.494,65,High,293.44,406.11
BENIGN,1.0,0.454,62,Medium,122.74,348.23
DOS_DDOS,1.0,0.489,79,High,52.22,316.68
DOS_DDOS,1.0,0.49,79,High,115.98,355.45
DOS_DDOS,1.0,0.502,80,High,112.23,337.25
DOS_DDOS,1.0,0.483,79,High,98.03,325.14
DOS_DDOS,1.0,0.484,79,High,82.04,352.92
DOS_DDOS,1.0,0.484,79,High,213.13,409.24
BENIGN,1.0,0.461,62,Medium,63.1,344.69
DOS_DDOS,1.0,0.478,78,High,73.05,473.42
DOS_DDOS,1.0,0.52,81,High,75.13,338.99
BENIGN,1.0,0.453,62,Medium,70.4,354.42
BENIGN,1.0,0.467,63,Medium,176.75,338.59
BENIGN,1.0,0.494,65,High,115.11,395.26
DOS_DDOS,1.0,0.496,80,High,115.1,319.36
DOS_DDOS,1.0,0.488,79,High,82.35,502.71
BENIGN,1.0,0.473,63,Medium,82.17,364.44
DOS_DDOS,1.0,0.483,79,High,109.03,346.87
DOS_DDOS,1.0,0.47,78,High,91.52,343.98
BENIGN,1.0,0.465,63,Medium,109.43,330.99
DOS_DDOS,1.0,0.488,79,High,120.82,328.28
DOS_DDOS,1.0,0.484,79,High,94.07,343.93
DOS_DDOS,1.0,0.488,79,High,59.27,356.91
DOS_DDOS,1.0,0.471,78,High,95.59,462.86
BENIGN,1.0,0.453,62,Medium,94.45,342.86
DOS_DDOS,1.0,0.499,80,High,231.41,371.19
BENIGN,1.0,0.466,63,Medium,86.4,375.8
BENIGN,1.0,0.464,62,Medium,103.43,357.81
BENIGN,1.0,0.455,62,Medium,109.09,396.48
BENIGN,1.0,0.469,63,Medium,106.01,347.37
DOS_DDOS,1.0,0.469,78,High,79.3,457.08
DOS_DDOS,1.0,0.501,80,High,92.98,353.05
DOS_DDOS,1.0,0.527,82,High,126.35,362.56
DOS_DDOS,1.0,0.483,79,High,97.13,308.95
DOS_DDOS,1.0,0.484,79,High,67.26,327.03
BENIGN,1.0,0.484,64,Medium,57.98,338.74
DOS_DDOS,1.0,0.524,82,High,132.16,364.84
DOS_DDOS,1.0,0.499,80,High,89.91,356.21
DOS_DDOS,1.0,0.487,79,High,125.97,344.9
BENIGN,1.0,0.503,65,High,87.66,361.92
BENIGN,1.0,0.457,62,Medium,97.56,354.25
DOS_DDOS,1.0,0.484,79,High,271.59,549.73
DOS_DDOS,1.0,0.5,80,High,200.08,343.07
DOS_DDOS,1.0,0.484,79,High,97.99,337.85
DOS_DDOS,1.0,0.484,79,High,98.82,361.78
BENIGN,1.0,0.461,62,Medium,160.16,338.76
BENIGN,1.0,0.457,62,Medium,100.08,427.67
BENIGN,1.0,0.455,62,Medium,103.46,346.17
DOS_DDOS,1.0,0.469,78,High,123.8,333.14
DOS_DDOS,1.0,0.483,79,High,74.58,314.82
BENIGN,1.0,0.453,62,Medium,128.6,351.02
DOS_DDOS,1.0,0.471,78,High,132.4,398.15
DOS_DDOS,1.0,0.485,79,High,241.41,426.22
BENIGN,1.0,0.454,62,Medium,119.65,338.78
DOS_DDOS,1.0,0.473,78,High,468.59,363.01
DOS_DDOS,1.0,0.499,80,High,61.65,336.06
BENIGN,1.0,0.454,62,Medium,67.73,315.32
DOS_DDOS,1.0,0.484,79,High,114.46,343.35
DOS_DDOS,1.0,0.482,79,High,128.92,451.15
DOS_DDOS,1.0,0.521,81,High,156.15,334.84
BENIGN,1.0,0.456,62,Medium,128.77,350.33
BENIGN,1.0,0.454,62,Medium,140.68,358.44
DOS_DDOS,1.0,0.496,80,High,195.98,385.39
BENIGN,1.0,0.457,62,Medium,88.14,364.56
BENIGN,1.0,0.463,62,Medium,113.89,363.8
DOS_DDOS,1.0,0.481,79,High,127.83,331.63
DOS_DDOS,1.0,0.471,78,High,99.78,353.19
DOS_DDOS,1.0,0.486,79,High,124.8,336.92
BENIGN,1.0,0.455,62,Medium,127.04,355.51
DOS_DDOS,1.0,0.486,79,High,96.1,347.01
DOS_DDOS,1.0,0.491,79,High,101.59,344.86
DOS_DDOS,1.0,0.493,80,High,195.46,333.55
BENIGN,1.0,0.469,63,Medium,55.09,393.43
BENIGN,1.0,0.491,64,Medium,87.3,354.83
DOS_DDOS,1.0,0.497,80,High,79.06,360.8
DOS_DDOS,1.0,0.482,79,High,100.61,319.59
DOS_DDOS,1.0,0.487,79,High,75.14,354.26
BENIGN,1.0,0.522,67,High,66.7,349.6
DOS_DDOS,1.0,0.483,79,High,104.21,313.74
DOS_DDOS,1.0,0.523,82,High,61.44,288.37
BENIGN,1.0,0.46,62,Medium,56.95,288.44
BENIGN,1.0,0.459,62,Medium,126.35,309.81
DOS_DDOS,1.0,0.495,80,High,190.91,290.62
DOS_DDOS,1.0,0.484,79,High,38.66,316.88
BENIGN,1.0,0.483,64,Medium,36.82,336.7
BENIGN,1.0,0.495,65,High,37.42,342.62
BENIGN,1.0,0.459,62,Medium,37.98,290.12
BENIGN,1.0,0.454,62,Medium,435.87,295.19
DOS_DDOS,1.0,0.485,79,High,43.15,323.01
DOS_DDOS,1.0,0.465,78,High,140.03,378.75
BENIGN,1.0,0.455,62,Medium,99.9,293.02
BENIGN,1.0,0.458,62,Medium,36.43,311.96
DOS_DDOS,1.0,0.49,79,High,113.26,293.55
BENIGN,1.0,0.499,65,High,88.12,291.78
DOS_DDOS,1.0,0.484,79,High,58.74,304.19
BENIGN,1.0,0.453,62,Medium,43.13,307.11
DOS_DDOS,1.0,0.469,78,High,64.63,289.93
BENIGN,1.0,0.453,62,Medium,40.36,288.07
DOS_DDOS,1.0,0.488,79,High,107.57,325.04
DOS_DDOS,1.0,0.484,79,High,66.24,328.27
DOS_DDOS,1.0,0.499,80,High,44.55,339.22
BENIGN,1.0,0.46,62,Medium,108.05,457.45
BENIGN,1.0,0.469,63,Medium,79.59,323.99
BENIGN,1.0,0.459,62,Medium,81.02,347.73
DOS_DDOS,1.0,0.499,80,High,70.16,311.82
DOS_DDOS,1.0,0.468,78,High,62.44,324.54
DOS_DDOS,1.0,0.465,78,High,37.28,299.6
DOS_DDOS,1.0,0.469,78,High,65.15,314.47
BENIGN,1.0,0.453,62,Medium,45.33,349.55
BENIGN,1.0,0.523,67,High,76.15,320.86
DOS_DDOS,1.0,0.527,82,High,61.1,323.14
DOS_DDOS,1.0,0.493,79,High,84.06,337.26
DOS_DDOS,1.0,0.484,79,High,136.27,309.6
DOS_DDOS,1.0,0.521,81,High,88.58,325.06
BENIGN,1.0,0.454,62,Medium,36.89,315.89
BENIGN,1.0,0.49,64,Medium,134.14,346.41
DOS_DDOS,1.0,0.488,79,High,55.51,312.66
DOS_DDOS,1.0,0.487,79,High,90.84,312.75
BENIGN,1.0,0.501,65,High,50.74,382.7
BENIGN,1.0,0.488,64,Medium,52.09,323.44
DOS_DDOS,1.0,0.52,81,High,36.02,285.01
DOS_DDOS,1.0,0.529,82,High,76.41,316.85
DOS_DDOS,1.0,0.476,78,High,67.5,329.18
DOS_DDOS,1.0,0.488,79,High,85.89,320.31
BENIGN,1.0,0.528,67,High,40.97,310.12
DOS_DDOS,1.0,0.484,79,High,59.89,330.97
BENIGN,1.0,0.457,62,Medium,45.97,287.26
DOS_DDOS,1.0,0.469,78,High,61.19,306.08
DOS_DDOS,1.0,0.485,79,High,43.32,402.19
DOS_DDOS,1.0,0.519,81,High,97.29,451.69
BENIGN,1.0,0.453,62,Medium,164.58,376.28
DOS_DDOS,1.0,0.487,79,High,1119.14,387.75
BENIGN,1.0,0.499,65,High,95.21,306.21
DOS_DDOS,1.0,0.47,78,High,62.1,300.37
DOS_DDOS,1.0,0.46,77,High,59.12,306.62
BENIGN,1.0,0.512,66,High,119.24,776.98
DOS_DDOS,1.0,0.469,78,High,95.45,308.25
DOS_DDOS,1.0,0.521,81,High,90.84,289.05
BENIGN,1.0,0.458,62,Medium,35.81,346.93
BENIGN,1.0,0.46,62,Medium,98.07,324.41
DOS_DDOS,1.0,0.487,79,High,73.49,302.05
BENIGN,1.0,0.453,62,Medium,70.62,290.53
DOS_DDOS,1.0,0.52,81,High,90.99,288.84
BENIGN,1.0,0.457,62,Medium,47.49,298.73
DOS_DDOS,1.0,0.487,79,High,41.98,292.55
BENIGN,1.0,0.509,66,High,119.32,342.14
BENIGN,1.0,0.476,63,Medium,89.67,337.16
BENIGN,1.0,0.491,64,Medium,42.08,290.89
DOS_DDOS,1.0,0.52,81,High,36.77,301.04
BENIGN,1.0,0.46,62,Medium,58.55,351.68
BENIGN,1.0,0.46,62,Medium,54.2,293.73
BENIGN,1.0,0.493,64,Medium,49.24,292.39
DOS_DDOS,1.0,0.488,79,High,65.71,432.52
DOS_DDOS,1.0,0.484,79,High,45.0,291.57
DOS_DDOS,1.0,0.468,78,High,36.58,292.01
BENIGN,1.0,0.453,62,Medium,62.21,418.41
DOS_DDOS,1.0,0.471,78,High,44.71,300.25
BENIGN,1.0,0.455,62,Medium,102.01,309.04
BENIGN,1.0,0.458,62,Medium,42.61,379.08
DOS_DDOS,1.0,0.485,79,High,119.75,295.42
DOS_DDOS,1.0,0.485,79,High,86.84,317.86
DOS_DDOS,1.0,0.491,79,High,82.75,310.89
BENIGN,1.0,0.498,65,High,50.68,312.31
DOS_DDOS,1.0,0.485,79,High,59.19,321.46
DOS_DDOS,1.0,0.493,80,High,113.9,324.31
BENIGN,1.0,0.502,65,High,71.15,328.54
BENIGN,1.0,0.503,65,High,65.13,325.77
BENIGN,1.0,0.458,62,Medium,61.83,313.08
BENIGN,1.0,0.498,65,High,69.61,318.02
DOS_DDOS,1.0,0.475,78,High,69.98,318.48
DOS_DDOS,1.0,0.493,80,High,62.87,312.92
DOS_DDOS,1.0,0.469,78,High,61.75,319.31
BENIGN,1.0,0.455,62,Medium,64.34,303.31
BENIGN,1.0,0.458,62,Medium,66.1,325.03
BENIGN,1.0,0.454,62,Medium,59.75,341.03
DOS_DDOS,1.0,0.499,80,High,85.57,315.86
BENIGN,1.0,0.454,62,Medium,64.63,316.48
BENIGN,1.0,0.454,62,Medium,62.11,325.2
DOS_DDOS,1.0,0.462,77,High,70.76,306.61
BENIGN,1.0,0.455,62,Medium,71.59,316.21
BENIGN,1.0,0.482,64,Medium,38.82,341.63
DOS_DDOS,1.0,0.487,79,High,38.78,290.13
DOS_DDOS,1.0,0.489,79,High,60.44,308.14
DOS_DDOS,1.0,0.487,79,High,104.99,301.85
DOS_DDOS,1.0,0.488,79,High,42.62,294.53
BENIGN,1.0,0.453,62,Medium,60.0,293.3
DOS_DDOS,1.0,0.484,79,High,42.21,290.81
DOS_DDOS,1.0,0.484,79,High,46.61,333.43
DOS_DDOS,1.0,0.499,80,High,66.19,294.14
DOS_DDOS,1.0,0.494,80,High,38.41,320.49
BENIGN,1.0,0.457,62,Medium,56.42,337.02
DOS_DDOS,1.0,0.526,82,High,39.85,324.26
BENIGN,1.0,0.453,62,Medium,70.21,420.44
DOS_DDOS,1.0,0.526,82,High,59.64,296.52
DOS_DDOS,1.0,0.49,79,High,38.38,289.14
DOS_DDOS,1.0,0.488,79,High,66.61,368.15
BENIGN,1.0,0.501,65,High,68.28,292.74
BENIGN,1.0,0.454,62,Medium,41.1,298.56
BENIGN,1.0,0.454,62,Medium,48.89,296.77
DOS_DDOS,1.0,0.485,79,High,56.46,308.24
BENIGN,1.0,0.458,62,Medium,53.74,292.1
DOS_DDOS,1.0,0.465,78,High,40.6,376.44
DOS_DDOS,1.0,0.462,77,High,58.29,298.54
DOS_DDOS,1.0,0.481,79,High,57.7,362.22
DOS_DDOS,1.0,0.499,80,High,37.6,367.32
DOS_DDOS,1.0,0.49,79,High,36.2,328.63
BENIGN,1.0,0.454,62,Medium,44.78,290.16
DOS_DDOS,1.0,0.52,81,High,44.6,325.75
BENIGN,1.0,0.461,62,Medium,61.03,309.29
DOS_DDOS,1.0,0.49,79,High,42.05,313.62
BENIGN,1.0,0.457,62,Medium,36.42,322.01
DOS_DDOS,1.0,0.471,78,High,137.62,290.37
BENIGN,1.0,0.486,64,Medium,97.02,287.64
DOS_DDOS,1.0,0.485,79,High,41.54,337.89
DOS_DDOS,1.0,0.487,79,High,786.54,395.89
DOS_DDOS,1.0,0.489,79,High,455.63,1457.36
DOS_DDOS,1.0,0.486,79,High,791.82,511.32
BENIGN,1.0,0.454,62,Medium,399.16,587.81
BENIGN,1.0,0.454,62,Medium,205.97,451.92
DOS_DDOS,1.0,0.47,78,High,35.52,325.75
DOS_DDOS,1.0,0.501,80,High,51.03,291.82
DOS_DDOS,1.0,0.487,79,High,90.92,292.05
BENIGN,1.0,0.469,63,Medium,58.96,292.06
DOS_DDOS,1.0,0.484,79,High,55.27,290.56
DOS_DDOS,1.0,0.49,79,High,221.23,404.35
BENIGN,1.0,0.455,62,Medium,39.17,288.81
DOS_DDOS,1.0,0.469,78,High,36.45,302.07
BENIGN,1.0,0.455,62,Medium,49.28,394.7
DOS_DDOS,1.0,0.47,78,High,65.76,301.95
BENIGN,1.0,0.464,62,Medium,126.94,298.85
DOS_DDOS,1.0,0.496,80,High,47.34,289.62
DOS_DDOS,1.0,0.524,82,High,52.8,354.23
BENIGN,0.99,0.527,67,High,86.68,291.74
DOS_DDOS,1.0,0.484,79,High,43.92,294.09
BENIGN,1.0,0.453,62,Medium,214.95,296.64
DOS_DDOS,1.0,0.499,80,High,43.8,297.57
BENIGN,1.0,0.454,62,Medium,59.77,297.75
DOS_DDOS,1.0,0.469,78,High,46.1,306.68
DOS_DDOS,1.0,0.481,79,High,107.47,315.25
DOS_DDOS,1.0,0.524,82,High,37.57,289.71
BENIGN,1.0,0.46,62,Medium,41.8,533.37
BENIGN,1.0,0.469,63,Medium,40.47,287.37
DOS_DDOS,1.0,0.484,79,High,45.27,292.69
DOS_DDOS,1.0,0.482,79,High,50.81,385.23
DOS_DDOS,1.0,0.47,78,High,61.53,298.53
BENIGN,1.0,0.454,62,Medium,48.93,292.45
DOS_DDOS,1.0,0.472,78,High,64.37,363.91
BENIGN,1.0,0.456,62,Medium,109.75,310.96
BENIGN,1.0,0.504,65,High,1181.87,514.68
BENIGN,1.0,0.49,64,Medium,52.34,291.84
DOS_DDOS,1.0,0.469,78,High,108.32,320.18
DOS_DDOS,1.0,0.495,80,High,49.13,333.91
DOS_DDOS,1.0,0.53,82,High,132.86,330.38
DOS_DDOS,1.0,0.527,82,High,127.75,338.4
BENIGN,1.0,0.461,62,Medium,65.79,389.17
BENIGN,1.0,0.469,63,Medium,105.2,300.73
DOS_DDOS,1.0,0.476,78,High,238.61,483.86
BENIGN,1.0,0.499,65,High,86.95,381.86
BENIGN,1.0,0.486,64,Medium,249.15,494.37
BENIGN,1.0,0.458,62,Medium,237.49,453.92
DOS_DDOS,1.0,0.478,78,High,81.58,502.74
DOS_DDOS,1.0,0.483,79,High,228.83,578.64
BENIGN,1.0,0.518,66,High,298.32,468.34
DOS_DDOS,1.0,0.528,82,High,375.65,456.78
BENIGN,1.0,0.502,65,High,248.23,355.88
DOS_DDOS,1.0,0.483,79,High,225.65,509.68
DOS_DDOS,1.0,0.484,79,High,398.08,607.33
DOS_DDOS,1.0,0.469,78,High,141.46,352.32
DOS_DDOS,1.0,0.476,78,High,101.51,336.01
DOS_DDOS,1.0,0.479,79,High,312.99,521.73
BENIGN,1.0,0.461,62,Medium,199.45,464.77
BENIGN,1.0,0.454,62,Medium,180.42,458.49
DOS_DDOS,1.0,0.49,79,High,55.26,398.42
DOS_DDOS,1.0,0.472,78,High,68.5,301.3
BENIGN,1.0,0.453,62,Medium,41.34,288.83
DOS_DDOS,1.0,0.484,79,High,47.38,314.27
BENIGN,1.0,0.461,62,Medium,81.55,293.21
DOS_DDOS,1.0,0.465,78,High,54.28,312.39
DOS_DDOS,1.0,0.486,79,High,65.87,307.04
BENIGN,1.0,0.455,62,Medium,112.55,305.8
DOS_DDOS,1.0,0.491,79,High,71.9,294.23
DOS_DDOS,1.0,0.485,79,High,60.01,317.3
BENIGN,1.0,0.453,62,Medium,41.25,316.35
BENIGN,1.0,0.46,62,Medium,36.2,355.33
DOS_DDOS,1.0,0.47,78,High,84.02,310.89
DOS_DDOS,1.0,0.484,79,High,40.02,293.3
DOS_DDOS,1.0,0.471,78,High,147.1,338.7
DOS_DDOS,1.0,0.478,78,High,178.78,362.24
BENIGN,1.0,0.46,62,Medium,194.67,374.46
BENIGN,1.0,0.48,64,Medium,82.59,319.57
BENIGN,1.0,0.472,63,Medium,89.54,339.5
BENIGN,1.0,0.458,62,Medium,94.06,346.12
BENIGN,1.0,0.454,62,Medium,83.07,377.47
BENIGN,1.0,0.457,62,Medium,164.11,331.3
BENIGN,1.0,0.455,62,Medium,99.64,317.79
DOS_DDOS,1.0,0.499,80,High,129.55,357.25
BENIGN,1.0,0.516,66,High,91.03,385.02
DOS_DDOS,1.0,0.489,79,High,77.9,366.55
DOS_DDOS,1.0,0.483,79,High,110.13,365.87
BENIGN,1.0,0.496,65,High,95.57,308.52
DOS_DDOS,1.0,0.522,82,High,60.33,309.18
BENIGN,1.0,0.494,65,High,87.52,318.43
BENIGN,1.0,0.454,62,Medium,63.5,298.38
DOS_DDOS,1.0,0.484,79,High,67.76,330.06
DOS_DDOS,1.0,0.479,79,High,62.42,315.68
BENIGN,1.0,0.455,62,Medium,41.82,292.12
DOS_DDOS,1.0,0.483,79,High,49.63,286.1
BENIGN,1.0,0.473,63,Medium,73.89,308.87
DOS_DDOS,1.0,0.484,79,High,81.75,303.11
DOS_DDOS,1.0,0.49,79,High,67.19,311.48
DOS_DDOS,1.0,0.483,79,High,53.22,337.18
BENIGN,1.0,0.461,62,Medium,74.38,346.8
DOS_DDOS,1.0,0.469,78,High,93.1,305.94
DOS_DDOS,1.0,0.521,81,High,67.82,315.8
DOS_DDOS,1.0,0.466,78,High,83.76,370.98
BENIGN,1.0,0.454,62,Medium,159.44,307.33
BENIGN,1.0,0.457,62,Medium,124.86,302.86
DOS_DDOS,1.0,0.488,79,High,51.52,339.13
BENIGN,1.0,0.457,62,Medium,53.33,355.82
BENIGN,1.0,0.495,65,High,106.06,355.65
BENIGN,1.0,0.511,66,High,53.13,308.98
DOS_DDOS,1.0,0.525,82,High,88.51,291.66
BENIGN,1.0,0.454,62,Medium,61.24,304.97
DOS_DDOS,1.0,0.532,82,High,94.7,290.94
DOS_DDOS,1.0,0.496,80,High,58.11,300.58
DOS_DDOS,1.0,0.483,79,High,94.44,336.69
BENIGN,1.0,0.488,64,Medium,57.63,387.7
DOS_DDOS,1.0,0.493,80,High,38.28,290.65
DOS_DDOS,1.0,0.481,79,High,37.33,309.12
DOS_DDOS,1.0,0.531,82,High,57.52,286.73
BENIGN,1.0,0.455,62,Medium,34.53,291.05
DOS_DDOS,1.0,0.465,78,High,46.6,291.67
BENIGN,1.0,0.453,62,Medium,61.5,299.31
DOS_DDOS,1.0,0.482,79,High,39.47,288.08
DOS_DDOS,1.0,0.494,80,High,35.42,307.12
BENIGN,0.98,0.458,61,Medium,63.29,295.72
DOS_DDOS,1.0,0.474,78,High,35.77,285.39
BENIGN,1.0,0.454,62,Medium,40.88,342.92
DOS_DDOS,1.0,0.46,77,High,91.13,321.48
DOS_DDOS,1.0,0.484,79,High,45.51,333.89
DOS_DDOS,1.0,0.485,79,High,89.54,351.6
BENIGN,1.0,0.456,62,Medium,93.97,429.28
BENIGN,1.0,0.454,62,Medium,38.32,290.86
DOS_DDOS,1.0,0.522,82,High,62.04,288.51
DOS_DDOS,1.0,0.484,79,High,36.15,294.47
DOS_DDOS,1.0,0.526,82,High,36.76,352.82
DOS_DDOS,1.0,0.477,78,High,100.84,343.26
BENIGN,1.0,0.458,62,Medium,45.3,357.37
DOS_DDOS,1.0,0.482,79,High,40.56,312.51
DOS_DDOS,1.0,0.47,78,High,44.47,300.09
DOS_DDOS,1.0,0.463,77,High,41.55,322.83
BENIGN,1.0,0.453,62,Medium,38.16,288.71
BENIGN,1.0,0.51,66,High,48.67,292.45
DOS_DDOS,1.0,0.486,79,High,70.59,418.7
DOS_DDOS,1.0,0.488,79,High,39.12,289.61
DOS_DDOS,1.0,0.488,79,High,62.06,359.34
DOS_DDOS,1.0,0.487,79,High,80.29,342.26
DOS_DDOS,1.0,0.476,78,High,95.23,309.23
BENIGN,1.0,0.455,62,Medium,86.85,404.19
DOS_DDOS,1.0,0.497,80,High,125.36,362.62
DOS_DDOS,1.0,0.469,78,High,110.11,345.85
DOS_DDOS,1.0,0.485,79,High,86.56,343.67
BENIGN,1.0,0.454,62,Medium,119.97,337.61
BENIGN,1.0,0.495,65,High,66.37,362.81
BENIGN,1.0,0.453,62,Medium,72.3,454.72
BENIGN,1.0,0.453,62,Medium,93.93,327.68
DOS_DDOS,1.0,0.494,80,High,135.49,339.52
BENIGN,1.0,0.461,62,Medium,91.83,333.63
BENIGN,1.0,0.46,62,Medium,93.9,331.87
BENIGN,1.0,0.461,62,Medium,92.64,646.7
BENIGN,1.0,0.454,62,Medium,165.21,475.18
DOS_DDOS,1.0,0.482,79,High,104.75,347.88
DOS_DDOS,1.0,0.525,82,High,94.38,335.74
BENIGN,1.0,0.454,62,Medium,84.54,342.48
DOS_DDOS,1.0,0.468,78,High,65.57,338.01
BENIGN,1.0,0.512,66,High,103.38,333.56
BENIGN,1.0,0.461,62,Medium,85.19,352.23
BENIGN,1.0,0.479,64,Medium,60.74,367.44
DOS_DDOS,1.0,0.473,78,High,104.4,345.53
BENIGN,1.0,0.466,63,Medium,72.1,353.19
DOS_DDOS,1.0,0.484,79,High,111.74,387.39
BENIGN,1.0,0.51,66,High,106.37,323.91
BENIGN,1.0,0.461,62,Medium,72.22,316.63
BENIGN,1.0,0.477,63,Medium,71.17,320.57
BENIGN,1.0,0.497,65,High,101.58,333.77
BENIGN,1.0,0.453,62,Medium,86.01,340.05
DOS_DDOS,1.0,0.487,79,High,72.39,469.49
DOS_DDOS,1.0,0.465,78,High,100.46,365.69
DOS_DDOS,1.0,0.477,78,High,90.53,331.58
DOS_DDOS,1.0,0.493,80,High,83.41,358.21
BENIGN,1.0,0.487,64,Medium,65.41,324.6
DOS_DDOS,1.0,0.528,82,High,110.11,353.73
DOS_DDOS,1.0,0.529,82,High,89.78,314.65
BENIGN,1.0,0.461,62,Medium,148.99,322.97
DOS_DDOS,1.0,0.471,78,High,88.65,316.36
DOS_DDOS,1.0,0.491,79,High,82.74,369.9
DOS_DDOS,1.0,0.486,79,High,55.72,318.83
DOS_DDOS,1.0,0.494,80,High,116.85,301.98
BENIGN,1.0,0.457,62,Medium,34.2,287.07
BENIGN,1.0,0.457,62,Medium,54.41,347.0
DOS_DDOS,1.0,0.481,79,High,57.27,310.76
BENIGN,1.0,0.483,64,Medium,34.53,300.82
DOS_DDOS,1.0,0.476,78,High,47.45,285.51
DOS_DDOS,1.0,0.484,79,High,39.25,286.2
DOS_DDOS,1.0,0.48,79,High,201.64,298.24
BENIGN,1.0,0.455,62,Medium,37.18,387.95
BENIGN,1.0,0.477,63,Medium,33.62,359.2
DOS_DDOS,1.0,0.493,80,High,49.7,344.3
BENIGN,1.0,0.455,62,Medium,33.62,287.76
DOS_DDOS,1.0,0.486,79,High,34.19,287.13
BENIGN,1.0,0.465,63,Medium,85.93,288.68
BENIGN,1.0,0.455,62,Medium,87.09,302.04
BENIGN,1.0,0.461,62,Medium,156.96,290.92
BENIGN,1.0,0.482,64,Medium,35.59,305.72
DOS_DDOS,1.0,0.475,78,High,46.4,288.15
BENIGN,1.0,0.454,62,Medium,36.76,292.17
BENIGN,1.0,0.466,63,Medium,58.22,295.75
BENIGN,1.0,0.458,62,Medium,34.8,288.05
DOS_DDOS,1.0,0.491,79,High,40.37,292.8
DOS_DDOS,1.0,0.519,81,High,96.86,297.05
BENIGN,1.0,0.5,65,High,36.71,397.52
BENIGN,1.0,0.46,62,Medium,35.15,285.95
DOS_DDOS,1.0,0.494,80,High,115.06,289.66
BENIGN,1.0,0.492,64,Medium,37.89,297.2
BENIGN,1.0,0.461,62,Medium,61.12,339.95
DOS_DDOS,1.0,0.483,79,High,43.67,290.94
BENIGN,1.0,0.529,67,High,37.62,286.51
BENIGN,1.0,0.502,65,High,37.23,287.26
BENIGN,1.0,0.455,62,Medium,36.7,288.51
DOS_DDOS,1.0,0.519,81,High,47.02,294.57
BENIGN,1.0,0.458,62,Medium,41.45,294.75
BENIGN,1.0,0.493,65,High,37.36,310.77
DOS_DDOS,1.0,0.525,82,High,67.78,288.62
DOS_DDOS,1.0,0.487,79,High,38.18,346.71
DOS_DDOS,1.0,0.462,77,High,49.43,292.34
DOS_DDOS,1.0,0.497,80,High,46.6,289.15
BENIGN,1.0,0.463,62,Medium,36.02,772.42
DOS_DDOS,1.0,0.519,81,High,50.1,288.84
DOS_DDOS,1.0,0.52,81,High,228.24,481.61
DOS_DDOS,1.0,0.525,82,High,222.89,566.2
DOS_DDOS,1.0,0.469,78,High,250.89,476.17
DOS_DDOS,1.0,0.526,82,High,43.86,289.86
DOS_DDOS,1.0,0.494,80,High,36.95,302.63
BENIGN,1.0,0.499,65,High,36.75,328.51
DOS_DDOS,1.0,0.485,79,High,43.84,337.87
DOS_DDOS,1.0,0.484,79,High,43.44,289.9
DOS_DDOS,1.0,0.521,81,High,86.02,347.64
BENIGN,1.0,0.461,62,Medium,103.04,294.03
BENIGN,1.0,0.513,66,High,56.7,292.07
BENIGN,1.0,0.494,65,High,44.59,290.83
DOS_DDOS,1.0,0.493,80,High,36.09,292.07
DOS_DDOS,1.0,0.499,80,High,35.33,331.37
DOS_DDOS,1.0,0.484,79,High,125.58,289.15
BENIGN,1.0,0.457,62,Medium,41.61,296.64
DOS_DDOS,1.0,0.524,82,High,35.22,285.79
BENIGN,0.97,0.457,61,Medium,36.21,285.23
DOS_DDOS,1.0,0.526,82,High,34.33,300.51
DOS_DDOS,1.0,0.469,78,High,63.36,384.72
BENIGN,1.0,0.454,62,Medium,43.79,338.54
DOS_DDOS,1.0,0.488,79,High,49.06,289.25
BENIGN,1.0,0.491,64,Medium,35.35,289.34
BENIGN,1.0,0.453,62,Medium,47.17,291.7
DOS_DDOS,1.0,0.492,79,High,54.45,298.71
DOS_DDOS,1.0,0.52,81,High,54.28,748.53
BENIGN,1.0,0.453,62,Medium,63.31,303.58
BENIGN,1.0,0.457,62,Medium,34.01,321.51
DOS_DDOS,1.0,0.479,79,High,55.15,288.88
DOS_DDOS,1.0,0.527,82,High,35.29,287.43
DOS_DDOS,1.0,0.478,78,High,35.08,285.19
DOS_DDOS,1.0,0.469,78,High,151.14,384.31
BENIGN,1.0,0.459,62,Medium,35.36,284.89
DOS_DDOS,1.0,0.483,79,High,61.27,286.45
BENIGN,1.0,0.453,62,Medium,108.4,382.52
BENIGN,1.0,0.482,64,Medium,66.9,293.39
DOS_DDOS,1.0,0.482,79,High,64.62,331.73
BENIGN,1.0,0.461,62,Medium,90.44,299.14
BENIGN,1.0,0.454,62,Medium,38.67,305.3
DOS_DDOS,1.0,0.526,82,High,44.16,292.17
DOS_DDOS,1.0,0.469,78,High,121.26,310.31
DOS_DDOS,1.0,0.484,79,High,38.83,291.01
DOS_DDOS,1.0,0.468,78,High,41.78,290.68
BENIGN,1.0,0.469,63,Medium,35.09,328.85
BENIGN,1.0,0.456,62,Medium,37.71,289.38
BENIGN,1.0,0.455,62,Medium,44.6,311.53
BENIGN,1.0,0.456,62,Medium,36.91,312.45
DOS_DDOS,1.0,0.46,77,High,53.41,296.92
BENIGN,1.0,0.464,62,Medium,46.62,291.11
BENIGN,1.0,0.46,62,Medium,50.59,366.42
BENIGN,1.0,0.483,64,Medium,69.06,292.69
DOS_DDOS,1.0,0.486,79,High,38.49,292.01
DOS_DDOS,1.0,0.491,79,High,42.9,411.77
BENIGN,1.0,0.481,64,Medium,65.67,286.62
DOS_DDOS,1.0,0.469,78,High,73.37,290.65
DOS_DDOS,1.0,0.484,79,High,36.91,288.16
DOS_DDOS,1.0,0.525,82,High,44.04,306.76
DOS_DDOS,1.0,0.468,78,High,51.93,1026.72
DOS_DDOS,1.0,0.521,82,High,36.05,286.16
DOS_DDOS,1.0,0.487,79,High,35.87,348.78
DOS_DDOS,1.0,0.485,79,High,49.87,291.81
BENIGN,1.0,0.454,62,Medium,47.8,292.95
DOS_DDOS,1.0,0.489,79,High,38.35,286.61
BENIGN,1.0,0.484,64,Medium,36.49,292.55
DOS_DDOS,1.0,0.524,82,High,36.36,289.85
DOS_DDOS,1.0,0.466,78,High,38.39,311.46
BENIGN,1.0,0.522,67,High,37.55,295.25
DOS_DDOS,1.0,0.52,81,High,67.33,292.94
DOS_DDOS,1.0,0.469,78,High,40.02,417.73
BENIGN,1.0,0.512,66,High,48.41,301.3
BENIGN,1.0,0.484,64,Medium,81.56,292.77
DOS_DDOS,1.0,0.472,78,High,48.41,325.25
BENIGN,1.0,0.495,65,High,95.53,289.19
DOS_DDOS,1.0,0.473,78,High,45.0,290.64
DOS_DDOS,1.0,0.473,78,High,76.36,331.52
DOS_DDOS,1.0,0.482,79,High,46.18,329.93
DOS_DDOS,1.0,0.483,79,High,36.54,346.89
DOS_DDOS,1.0,0.485,79,High,53.94,304.16
DOS_DDOS,1.0,0.49,79,High,62.51,291.14
DOS_DDOS,1.0,0.468,78,High,51.28,292.19
BENIGN,1.0,0.462,62,Medium,79.58,357.39
DOS_DDOS,1.0,0.482,79,High,1361.72,996.09
DOS_DDOS,1.0,0.499,80,High,834.3,454.59
BENIGN,1.0,0.504,65,High,114.51,389.44
DOS_DDOS,1.0,0.522,82,High,171.73,387.38
BENIGN,1.0,0.454,62,Medium,99.86,417.47
DOS_DDOS,1.0,0.471,78,High,106.33,365.06
DOS_DDOS,1.0,0.485,79,High,132.64,405.23
DOS_DDOS,1.0,0.521,81,High,191.97,350.84
DOS_DDOS,1.0,0.47,78,High,173.78,349.0
BENIGN,1.0,0.454,62,Medium,342.05,428.81
DOS_DDOS,1.0,0.493,79,High,57.3,306.21
DOS_DDOS,1.0,0.523,82,High,67.79,296.49
DOS_DDOS,1.0,0.533,82,High,19.58,299.47
DOS_DDOS,1.0,0.472,78,High,118.64,558.7
DOS_DDOS,1.0,0.527,82,High,152.56,315.59
BENIGN,1.0,0.453,62,Medium,109.7,321.35
DOS_DDOS,1.0,0.482,79,High,179.59,393.2
DOS_DDOS,1.0,0.47,78,High,108.09,341.79
BENIGN,1.0,0.466,63,Medium,154.01,403.78
BENIGN,1.0,0.458,62,Medium,88.03,353.68
DOS_DDOS,1.0,0.484,79,High,168.55,366.66
DOS_DDOS,1.0,0.484,79,High,130.9,392.33
BENIGN,1.0,0.458,62,Medium,121.59,396.78
DOS_DDOS,1.0,0.498,80,High,133.49,352.83
BENIGN,1.0,0.49,64,Medium,139.55,412.51
BENIGN,1.0,0.491,64,Medium,146.0,362.99
BENIGN,1.0,0.46,62,Medium,112.55,361.44
DOS_DDOS,1.0,0.485,79,High,69.13,324.46
BENIGN,1.0,0.455,62,Medium,89.23,350.76
DOS_DDOS,1.0,0.526,82,High,146.42,439.59
DOS_DDOS,1.0,0.488,79,High,135.1,338.42
BENIGN,1.0,0.51,66,High,86.81,319.0
DOS_DDOS,1.0,0.469,78,High,81.29,360.78
BENIGN,1.0,0.488,64,Medium,146.79,385.42
DOS_DDOS,1.0,0.52,81,High,131.55,341.74
BENIGN,1.0,0.455,62,Medium,88.07,337.87
DOS_DDOS,1.0,0.493,80,High,94.07,335.3
DOS_DDOS,1.0,0.483,79,High,88.73,337.97
BENIGN,1.0,0.464,63,Medium,131.54,413.39
DOS_DDOS,1.0,0.487,79,High,90.81,350.77
DOS_DDOS,1.0,0.488,79,High,89.15,334.86
BENIGN,1.0,0.455,62,Medium,449.68,367.02
BENIGN,1.0,0.527,67,High,135.57,326.62
DOS_DDOS,1.0,0.486,79,High,103.39,327.55
DOS_DDOS,1.0,0.491,79,High,93.9,378.59
BENIGN,1.0,0.534,67,High,96.84,332.88
DOS_DDOS,1.0,0.484,79,High,86.04,348.51
DOS_DDOS,1.0,0.472,78,High,67.78,321.95
DOS_DDOS,1.0,0.498,80,High,186.36,494.41
BENIGN,1.0,0.458,62,Medium,90.43,333.91
DOS_DDOS,1.0,0.497,80,High,121.57,333.02
DOS_DDOS,1.0,0.484,79,High,248.26,356.31
BENIGN,1.0,0.46,62,Medium,77.54,347.29
BENIGN,1.0,0.457,62,Medium,83.06,333.36
DOS_DDOS,1.0,0.483,79,High,60.42,305.23
BENIGN,1.0,0.491,64,Medium,53.11,284.03
BENIGN,1.0,0.466,63,Medium,87.79,340.45
BENIGN,1.0,0.457,62,Medium,87.27,350.96
BENIGN,1.0,0.454,62,Medium,65.36,361.06
DOS_DDOS,1.0,0.499,80,High,57.15,325.83
BENIGN,1.0,0.454,62,Medium,114.79,442.8
BENIGN,1.0,0.509,66,High,103.42,345.72
DOS_DDOS,1.0,0.488,79,High,90.23,409.24
DOS_DDOS,1.0,0.524,82,High,85.3,337.69
DOS_DDOS,1.0,0.481,79,High,90.51,334.48
BENIGN,1.0,0.486,64,Medium,166.79,327.8
DOS_DDOS,1.0,0.487,79,High,82.6,383.3
DOS_DDOS,1.0,0.467,78,High,98.41,314.7
BENIGN,1.0,0.454,62,Medium,93.69,349.85
DOS_DDOS,1.0,0.502,80,High,91.95,357.46
DOS_DDOS,1.0,0.475,78,High,85.01,369.71
DOS_DDOS,1.0,0.493,80,High,123.5,372.58
DOS_DDOS,1.0,0.515,81,High,90.02,351.74
DOS_DDOS,1.0,0.529,82,High,79.57,360.32
BENIGN,1.0,0.457,62,Medium,73.64,318.93
DOS_DDOS,1.0,0.484,79,High,95.64,285.46
DOS_DDOS,1.0,0.488,79,High,32.55,301.48
DOS_DDOS,1.0,0.472,78,High,42.68,285.57
BENIGN,1.0,0.49,64,Medium,40.18,294.99
BENIGN,1.0,0.502,65,High,38.61,311.75
DOS_DDOS,1.0,0.484,79,High,3010.11,290.74
DOS_DDOS,1.0,0.502,80,High,42.33,294.85
DOS_DDOS,1.0,0.469,78,High,56.85,313.36
DOS_DDOS,1.0,0.497,80,High,52.56,292.61
DOS_DDOS,1.0,0.477,78,High,40.3,303.2
DOS_DDOS,1.0,0.478,78,High,52.51,311.4
DOS_DDOS,1.0,0.52,81,High,59.51,299.18
DOS_DDOS,1.0,0.482,79,High,38.62,292.05
DOS_DDOS,1.0,0.485,79,High,50.67,301.75
DOS_DDOS,1.0,0.465,78,High,46.68,353.5
DOS_DDOS,1.0,0.476,78,High,45.25,303.38
DOS_DDOS,1.0,0.49,79,High,45.24,326.37
DOS_DDOS,1.0,0.484,79,High,61.93,331.17
DOS_DDOS,1.0,0.519,81,High,60.6,303.63
DOS_DDOS,1.0,0.48,79,High,56.46,296.57
DOS_DDOS,1.0,0.527,82,High,72.73,303.18
BENIGN,1.0,0.487,64,Medium,44.73,343.97
DOS_DDOS,1.0,0.488,79,High,54.8,310.8
BENIGN,1.0,0.455,62,Medium,61.15,302.71
DOS_DDOS,1.0,0.488,79,High,47.08,304.61
BENIGN,1.0,0.454,62,Medium,43.56,299.42
DOS_DDOS,1.0,0.522,82,High,51.77,327.05
DOS_DDOS,1.0,0.47,78,High,71.08,319.03
BENIGN,1.0,0.461,62,Medium,83.74,309.83
BENIGN,1.0,0.455,62,Medium,57.32,326.4
DOS_DDOS,1.0,0.484,79,High,60.07,302.58
BENIGN,1.0,0.454,62,Medium,194.61,311.76
BENIGN,1.0,0.494,65,High,104.22,308.04
DOS_DDOS,1.0,0.522,82,High,91.25,335.18
DOS_DDOS,1.0,0.497,80,High,803.19,362.05
BENIGN,1.0,0.489,64,Medium,151.37,303.4
DOS_DDOS,1.0,0.47,78,High,76.59,351.49
DOS_DDOS,1.0,0.489,79,High,90.58,340.55
BENIGN,1.0,0.457,62,Medium,142.39,330.68
DOS_DDOS,1.0,0.484,79,High,88.69,341.99
DOS_DDOS,1.0,0.493,80,High,82.0,330.5
DOS_DDOS,1.0,0.499,80,High,108.15,372.78
BENIGN,1.0,0.491,64,Medium,114.01,332.84
DOS_DDOS,1.0,0.484,79,High,59.62,399.58
DOS_DDOS,1.0,0.518,81,High,68.31,325.1
BENIGN,1.0,0.454,62,Medium,90.1,286.86
DOS_DDOS,1.0,0.52,81,High,226.73,336.63
DOS_DDOS,1.0,0.47,78,High,98.38,352.64
DOS_DDOS,1.0,0.485,79,High,81.95,319.24
DOS_DDOS,1.0,0.483,79,High,80.09,345.8
BENIGN,1.0,0.457,62,Medium,75.11,329.79
DOS_DDOS,1.0,0.523,82,High,88.27,334.02
DOS_DDOS,1.0,0.465,78,High,105.75,332.19
BENIGN,1.0,0.455,62,Medium,74.99,320.08
DOS_DDOS,1.0,0.526,82,High,127.95,348.02
DOS_DDOS,1.0,0.469,78,High,74.01,403.45
DOS_DDOS,1.0,0.47,78,High,71.36,432.93
DOS_DDOS,1.0,0.529,82,High,116.83,325.05
BENIGN,1.0,0.497,65,High,39.36,301.97
DOS_DDOS,1.0,0.487,79,High,66.23,317.71
DOS_DDOS,1.0,0.468,78,High,362.74,338.07
DOS_DDOS,1.0,0.496,80,High,438.87,1576.15
BENIGN,1.0,0.459,62,Medium,64.39,317.6
DOS_DDOS,1.0,0.522,82,High,70.74,376.29
DOS_DDOS,1.0,0.48,79,High,61.58,334.95
DOS_DDOS,1.0,0.481,79,High,168.86,329.44
BENIGN,1.0,0.455,62,Medium,83.64,319.68
DOS_DDOS,1.0,0.488,79,High,252.03,587.92
BENIGN,1.0,0.456,62,Medium,166.63,340.99
DOS_DDOS,1.0,0.533,82,High,242.1,384.69
DOS_DDOS,1.0,0.499,80,High,80.48,524.65
DOS_DDOS,1.0,0.479,79,High,838.61,406.65
DOS_DDOS,1.0,0.527,82,High,849.34,547.19
DOS_DDOS,1.0,0.496,80,High,1450.28,306.98
DOS_DDOS,1.0,0.474,78,High,109.57,360.43
BENIGN,1.0,0.458,62,Medium,106.72,349.43
DOS_DDOS,1.0,0.477,78,High,93.19,390.79
BENIGN,1.0,0.536,67,High,69.99,399.06
DOS_DDOS,1.0,0.465,78,High,83.89,344.12
BENIGN,1.0,0.461,62,Medium,90.99,360.22
BENIGN,1.0,0.458,62,Medium,97.21,411.34
BENIGN,1.0,0.461,62,Medium,105.81,336.95
BENIGN,1.0,0.453,62,Medium,104.59,334.15
DOS_DDOS,1.0,0.482,79,High,74.61,382.87
BENIGN,1.0,0.455,62,Medium,60.33,282.34
BENIGN,1.0,0.454,62,Medium,84.41,342.84
DOS_DDOS,1.0,0.478,78,High,177.08,339.54
DOS_DDOS,1.0,0.494,80,High,122.62,387.84
DOS_DDOS,1.0,0.484,79,High,88.1,323.5
DOS_DDOS,1.0,0.484,79,High,116.42,317.15
DOS_DDOS,1.0,0.466,78,High,82.9,336.07
DOS_DDOS,1.0,0.525,82,High,70.49,421.86
DOS_DDOS,1.0,0.488,79,High,94.94,358.72
DOS_DDOS,1.0,0.487,79,High,170.03,474.43
DOS_DDOS,1.0,0.485,79,High,62.12,943.21
DOS_DDOS,1.0,0.485,79,High,125.56,309.66
DOS_DDOS,1.0,0.488,79,High,122.25,688.37
BENIGN,1.0,0.461,62,Medium,65.69,971.2
DOS_DDOS,1.0,0.459,77,High,160.5,374.48
DOS_DDOS,1.0,0.527,82,High,70.65,352.19
BENIGN,1.0,0.457,62,Medium,76.02,388.25
DOS_DDOS,1.0,0.484,79,High,46.89,298.08
BENIGN,1.0,0.528,67,High,81.94,334.03
BENIGN,1.0,0.465,63,Medium,123.5,293.34
BENIGN,1.0,0.459,62,Medium,70.46,334.22
BENIGN,1.0,0.453,62,Medium,34.31,298.58
DOS_DDOS,1.0,0.487,79,High,28.16,303.26
BENIGN,1.0,0.499,65,High,32.27,281.75
DOS_DDOS,1.0,0.489,79,High,139.33,693.43
DOS_DDOS,1.0,0.519,81,High,326.36,455.93
DOS_DDOS,1.0,0.484,79,High,95.41,327.88
DOS_DDOS,1.0,0.518,81,High,89.15,361.1
DOS_DDOS,1.0,0.487,79,High,84.54,331.66
BENIGN,1.0,0.468,63,Medium,70.8,376.61
BENIGN,1.0,0.459,62,Medium,85.85,343.77
DOS_DDOS,1.0,0.469,78,High,58.01,367.68
DOS_DDOS,1.0,0.484,79,High,83.95,352.22
DOS_DDOS,1.0,0.489,79,High,96.24,374.08
DOS_DDOS,1.0,0.469,78,High,108.96,409.6
BENIGN,1.0,0.454,62,Medium,549.18,358.15
DOS_DDOS,1.0,0.521,81,High,93.16,339.85
BENIGN,1.0,0.49,64,Medium,90.64,363.19
DOS_DDOS,1.0,0.477,78,High,110.79,413.82
BENIGN,1.0,0.462,62,Medium,99.26,394.0
DOS_DDOS,1.0,0.485,79,High,67.61,327.51
BENIGN,1.0,0.528,67,High,257.89,497.11
BENIGN,1.0,0.491,64,Medium,51.27,285.32
DOS_DDOS,1.0,0.52,81,High,32.27,315.93
DOS_DDOS,1.0,0.479,79,High,56.29,341.65
BENIGN,1.0,0.453,62,Medium,95.97,473.58
DOS_DDOS,1.0,0.522,82,High,95.69,350.82
DOS_DDOS,1.0,0.48,79,High,32.9,283.16
BENIGN,1.0,0.483,64,Medium,52.7,298.83
BENIGN,1.0,0.454,62,Medium,49.77,678.47
DOS_DDOS,1.0,0.488,79,High,60.64,301.66
BENIGN,1.0,0.487,64,Medium,41.84,300.06
BENIGN,0.997,0.457,62,Medium,55.67,325.76
BENIGN,1.0,0.457,62,Medium,77.85,344.14
DOS_DDOS,1.0,0.483,79,High,38.07,480.0
DOS_DDOS,1.0,0.522,82,High,56.18,298.27
DOS_DDOS,1.0,0.47,78,High,83.43,334.78
BENIGN,1.0,0.493,65,High,70.65,325.6
DOS_DDOS,1.0,0.471,78,High,92.77,389.29
BENIGN,0.99,0.504,65,High,122.37,327.1
DOS_DDOS,1.0,0.523,82,High,88.81,476.79
DOS_DDOS,1.0,0.493,80,High,38.35,324.33
DOS_DDOS,1.0,0.469,78,High,42.74,312.88
DOS_DDOS,1.0,0.496,80,High,21.55,300.77
BENIGN,1.0,0.46,62,Medium,38.29,294.71
DOS_DDOS,1.0,0.499,80,High,33.51,293.58
DOS_DDOS,1.0,0.49,79,High,53.17,291.62
DOS_DDOS,1.0,0.489,79,High,33.42,292.42
BENIGN,1.0,0.454,62,Medium,33.16,299.4
BENIGN,1.0,0.454,62,Medium,78.22,291.94
DOS_DDOS,1.0,0.531,82,High,50.27,318.82
DOS_DDOS,1.0,0.47,78,High,379.66,584.65
BENIGN,1.0,0.455,62,Medium,305.71,698.09
BENIGN,1.0,0.453,62,Medium,194.81,434.03
DOS_DDOS,1.0,0.491,79,High,39.44,294.3
DOS_DDOS,1.0,0.48,79,High,35.67,278.16
DOS_DDOS,1.0,0.49,79,High,30.02,273.81
BENIGN,1.0,0.453,62,Medium,38.49,281.23
DOS_DDOS,1.0,0.479,79,High,39.06,284.37
BENIGN,1.0,0.496,65,High,60.94,304.56
BENIGN,1.0,0.455,62,Medium,52.77,284.37
BENIGN,1.0,0.455,62,Medium,34.21,291.74
BENIGN,1.0,0.453,62,Medium,31.07,278.72
BENIGN,1.0,0.453,62,Medium,23.99,321.92
DOS_DDOS,1.0,0.487,79,High,42.45,302.14
DOS_DDOS,1.0,0.489,79,High,42.11,322.15
BENIGN,1.0,0.455,62,Medium,39.48,317.52
BENIGN,1.0,0.461,62,Medium,38.63,313.9
DOS_DDOS,1.0,0.469,78,High,58.27,291.68
BENIGN,1.0,0.457,62,Medium,40.27,288.68
BENIGN,1.0,0.461,62,Medium,33.95,297.2
DOS_DDOS,1.0,0.481,79,High,34.16,280.41
DOS_DDOS,1.0,0.527,82,High,66.74,318.38
DOS_DDOS,1.0,0.475,78,High,40.41,301.83
DOS_DDOS,1.0,0.483,79,High,49.74,288.16
DOS_DDOS,1.0,0.524,82,High,28.42,304.7
DOS_DDOS,1.0,0.487,79,High,38.16,295.71
BENIGN,1.0,0.463,62,Medium,43.79,308.2
DOS_DDOS,1.0,0.476,78,High,30.04,291.04
BENIGN,1.0,0.46,62,Medium,46.14,312.24
BENIGN,1.0,0.454,62,Medium,72.74,300.83
BENIGN,1.0,0.454,62,Medium,63.87,313.34
BENIGN,1.0,0.456,62,Medium,44.78,305.79
DOS_DDOS,1.0,0.475,78,High,35.64,316.59
DOS_DDOS,1.0,0.495,80,High,68.08,312.9
DOS_DDOS,1.0,0.484,79,High,81.15,277.92
DOS_DDOS,1.0,0.494,80,High,58.67,284.69
DOS_DDOS,1.0,0.478,78,High,40.3,300.88
DOS_DDOS,1.0,0.522,82,High,40.73,318.38
DOS_DDOS,1.0,0.465,78,High,41.32,285.21
BENIGN,1.0,0.496,65,High,50.51,315.93
BENIGN,1.0,0.516,66,High,55.47,305.17
DOS_DDOS,1.0,0.49,79,High,49.49,295.2
DOS_DDOS,1.0,0.493,80,High,38.41,313.64
DOS_DDOS,1.0,0.499,80,High,47.13,343.73
BENIGN,1.0,0.463,62,Medium,60.05,306.28
DOS_DDOS,1.0,0.465,78,High,46.32,341.57
DOS_DDOS,1.0,0.521,81,High,52.69,292.2
DOS_DDOS,1.0,0.484,79,High,39.57,287.46
DOS_DDOS,1.0,0.484,79,High,61.75,296.46
DOS_DDOS,1.0,0.476,78,High,46.96,307.51
DOS_DDOS,1.0,0.488,79,High,48.25,287.2
DOS_DDOS,1.0,0.484,79,High,40.45,288.83
DOS_DDOS,1.0,0.485,79,High,29.86,284.95
BENIGN,1.0,0.454,62,Medium,237.17,288.02
DOS_DDOS,1.0,0.502,80,High,84.35,350.91
BENIGN,1.0,0.494,65,High,105.15,409.02
BENIGN,1.0,0.483,64,Medium,290.11,342.94
BENIGN,1.0,0.455,62,Medium,80.05,340.38
BENIGN,1.0,0.467,63,Medium,61.45,338.78
BENIGN,1.0,0.504,65,High,78.89,450.58
BENIGN,1.0,0.461,62,Medium,147.23,346.21
DOS_DDOS,1.0,0.472,78,High,84.46,342.29
BENIGN,1.0,0.453,62,Medium,81.46,332.37
BENIGN,1.0,0.464,62,Medium,89.73,340.12
DOS_DDOS,1.0,0.463,77,High,136.02,336.94
BENIGN,1.0,0.509,66,High,85.34,342.85
BENIGN,1.0,0.454,62,Medium,118.93,337.05
DOS_DDOS,1.0,0.46,77,High,85.95,336.21
BENIGN,1.0,0.464,62,Medium,97.99,356.19
BENIGN,1.0,0.495,65,High,107.24,365.29
DOS_DDOS,1.0,0.488,79,High,103.27,319.54
DOS_DDOS,1.0,0.469,78,High,74.93,328.29
BENIGN,1.0,0.525,67,High,63.11,347.59
BENIGN,1.0,0.455,62,Medium,111.89,346.97
DOS_DDOS,1.0,0.488,79,High,74.02,360.04
DOS_DDOS,1.0,0.526,82,High,110.93,485.88
DOS_DDOS,1.0,0.534,82,High,81.9,509.88
DOS_DDOS,1.0,0.483,79,High,95.65,812.28
DOS_DDOS,1.0,0.522,82,High,177.15,459.21
DOS_DDOS,1.0,0.469,78,High,85.25,351.76
DOS_DDOS,1.0,0.5,80,High,152.12,370.78
BENIGN,1.0,0.455,62,Medium,105.18,375.26
BENIGN,1.0,0.457,62,Medium,171.77,313.47
DOS_DDOS,1.0,0.469,78,High,104.33,337.53
BENIGN,0.986,0.486,64,Medium,146.99,342.77
DOS_DDOS,1.0,0.466,78,High,90.8,363.77
DOS_DDOS,1.0,0.465,78,High,95.61,1235.85
BENIGN,1.0,0.453,62,Medium,73.7,427.81
BENIGN,1.0,0.495,65,High,127.33,364.66
DOS_DDOS,1.0,0.483,79,High,162.58,343.38
DOS_DDOS,1.0,0.49,79,High,78.71,316.73
DOS_DDOS,1.0,0.492,79,High,94.57,373.73
DOS_DDOS,1.0,0.483,79,High,70.96,324.15
BENIGN,1.0,0.532,67,High,100.7,332.87
BENIGN,1.0,0.502,65,High,80.69,338.36
BENIGN,1.0,0.454,62,Medium,68.52,333.72
DOS_DDOS,1.0,0.489,79,High,78.48,478.02
DOS_DDOS,1.0,0.479,79,High,559.1,365.02
BENIGN,1.0,0.454,62,Medium,92.57,393.35
BENIGN,1.0,0.454,62,Medium,71.34,361.19
BENIGN,1.0,0.454,62,Medium,110.82,358.97
BENIGN,1.0,0.493,65,High,89.06,360.94
BENIGN,1.0,0.463,62,Medium,128.82,357.21
BENIGN,1.0,0.454,62,Medium,104.5,332.73
DOS_DDOS,1.0,0.529,82,High,104.29,361.67
BENIGN,1.0,0.464,62,Medium,83.64,332.87
DOS_DDOS,1.0,0.473,78,High,135.5,373.77
DOS_DDOS,1.0,0.482,79,High,79.27,335.46
DOS_DDOS,1.0,0.521,81,High,96.98,343.44
BENIGN,1.0,0.455,62,Medium,86.2,337.59
BENIGN,1.0,0.456,62,Medium,73.78,318.02
DOS_DDOS,1.0,0.487,79,High,163.26,304.84
DOS_DDOS,1.0,0.484,79,High,65.86,342.78
BENIGN,1.0,0.465,63,Medium,101.28,293.43
DOS_DDOS,1.0,0.475,78,High,100.98,308.04
BENIGN,1.0,0.51,66,High,82.73,330.58
DOS_DDOS,1.0,0.485,79,High,296.04,317.56
DOS_DDOS,1.0,0.483,79,High,32.48,292.67
DOS_DDOS,1.0,0.484,79,High,52.2,303.6
DOS_DDOS,1.0,0.469,78,High,108.12,525.07
DOS_DDOS,1.0,0.521,81,High,69.36,319.27
DOS_DDOS,1.0,0.482,79,High,62.47,325.64
DOS_DDOS,1.0,0.468,78,High,97.31,303.15
BENIGN,1.0,0.458,62,Medium,107.54,333.62
BENIGN,1.0,0.505,65,High,33.88,284.52
BENIGN,1.0,0.476,63,Medium,99.17,396.77
DOS_DDOS,1.0,0.487,79,High,103.72,375.78
DOS_DDOS,1.0,0.521,81,High,94.41,377.53
BENIGN,1.0,0.461,62,Medium,80.13,313.12
BENIGN,1.0,0.507,65,High,82.1,381.05
DOS_DDOS,1.0,0.47,78,High,101.5,342.82
BENIGN,1.0,0.521,67,High,87.35,331.99
DOS_DDOS,1.0,0.466,78,High,71.76,415.44
BENIGN,1.0,0.461,62,Medium,48.59,288.39
BENIGN,1.0,0.454,62,Medium,51.39,303.53
BENIGN,1.0,0.459,62,Medium,45.88,315.85
DOS_DDOS,1.0,0.487,79,High,54.74,296.82
DOS_DDOS,1.0,0.483,79,High,79.94,301.95
DOS_DDOS,1.0,0.488,79,High,45.46,290.08
BENIGN,1.0,0.494,65,High,62.87,325.49
DOS_DDOS,1.0,0.475,78,High,30.78,304.46
DOS_DDOS,1.0,0.468,78,High,58.91,307.51
BENIGN,1.0,0.456,62,Medium,41.18,309.47
DOS_DDOS,1.0,0.529,82,High,35.36,296.49
BENIGN,1.0,0.455,62,Medium,139.06,330.18
DOS_DDOS,1.0,0.46,77,High,66.97,336.1
DOS_DDOS,1.0,0.485,79,High,94.62,348.57
BENIGN,1.0,0.46,62,Medium,127.85,304.03
BENIGN,1.0,0.454,62,Medium,63.96,307.86
DOS_DDOS,1.0,0.484,79,High,79.68,355.76
DOS_DDOS,1.0,0.469,78,High,35.32,285.92
BENIGN,1.0,0.457,62,Medium,39.13,349.43
DOS_DDOS,1.0,0.485,79,High,90.75,340.87
BENIGN,1.0,0.453,62,Medium,121.61,321.15
DOS_DDOS,1.0,0.459,77,High,150.43,376.12
DOS_DDOS,1.0,0.484,79,High,85.43,331.46
DOS_DDOS,1.0,0.522,82,High,68.62,331.01
BENIGN,1.0,0.529,67,High,90.67,317.89
DOS_DDOS,1.0,0.52,81,High,64.28,332.94
DOS_DDOS,1.0,0.528,82,High,77.14,336.88
BENIGN,1.0,0.454,62,Medium,117.18,350.27
DOS_DDOS,1.0,0.484,79,High,111.98,387.96
BENIGN,1.0,0.46,62,Medium,108.88,353.04
BENIGN,1.0,0.454,62,Medium,75.49,333.23
BENIGN,1.0,0.462,62,Medium,67.09,499.34
DOS_DDOS,1.0,0.52,81,High,62.09,331.59
DOS_DDOS,1.0,0.486,79,High,86.47,559.53
DOS_DDOS,1.0,0.48,79,High,114.24,375.54
BENIGN,1.0,0.469,63,Medium,256.76,633.03
DOS_DDOS,1.0,0.522,82,High,42.14,277.89
BENIGN,1.0,0.455,62,Medium,131.12,332.83
DOS_DDOS,1.0,0.469,78,High,137.95,558.34
DOS_DDOS,1.0,0.465,78,High,76.99,327.76
BENIGN,1.0,0.495,65,High,77.06,358.38
DOS_DDOS,1.0,0.517,81,High,70.78,415.81
DOS_DDOS,1.0,0.487,79,High,82.46,283.59
DOS_DDOS,1.0,0.469,78,High,60.07,317.77
DOS_DDOS,1.0,0.485,79,High,143.44,346.57
DOS_DDOS,1.0,0.477,78,High,184.96,329.83
DOS_DDOS,1.0,0.478,78,High,66.86,344.28
BENIGN,1.0,0.453,62,Medium,89.78,556.37
BENIGN,1.0,0.454,62,Medium,97.13,331.35
DOS_DDOS,1.0,0.47,78,High,128.13,318.91
